#ifndef MODEL_DATA_H_
#define MODEL_DATA_H_

#include <cstdint>

alignas(8) const unsigned char g_model[] = {
  0x1c, 0x00, 0x00, 0x00, 0x54, 0x46, 0x4c, 0x33, 0x14, 0x00, 0x20, 0x00,
  0x1c, 0x00, 0x18, 0x00, 0x14, 0x00, 0x10, 0x00, 0x0c, 0x00, 0x00, 0x00,
  0x08, 0x00, 0x04, 0x00, 0x14, 0x00, 0x00, 0x00, 0x1c, 0x00, 0x00, 0x00,
  0x9c, 0x00, 0x00, 0x00, 0xf4, 0x00, 0x00, 0x00, 0x80, 0x19, 0x00, 0x00,
  0x90, 0x19, 0x00, 0x00, 0x6c, 0x53, 0x00, 0x00, 0x03, 0x00, 0x00, 0x00,
  0x01, 0x00, 0x00, 0x00, 0x10, 0x00, 0x00, 0x00, 0x00, 0x00, 0x0a, 0x00,
  0x10, 0x00, 0x0c, 0x00, 0x08, 0x00, 0x04, 0x00, 0x0a, 0x00, 0x00, 0x00,
  0x0c, 0x00, 0x00, 0x00, 0x1c, 0x00, 0x00, 0x00, 0x3c, 0x00, 0x00, 0x00,
  0x0f, 0x00, 0x00, 0x00, 0x73, 0x65, 0x72, 0x76, 0x69, 0x6e, 0x67, 0x5f,
  0x64, 0x65, 0x66, 0x61, 0x75, 0x6c, 0x74, 0x00, 0x01, 0x00, 0x00, 0x00,
  0x04, 0x00, 0x00, 0x00, 0x8c, 0xff, 0xff, 0xff, 0x1f, 0x00, 0x00, 0x00,
  0x04, 0x00, 0x00, 0x00, 0x08, 0x00, 0x00, 0x00, 0x6f, 0x75, 0x74, 0x70,
  0x75, 0x74, 0x5f, 0x30, 0x00, 0x00, 0x00, 0x00, 0x01, 0x00, 0x00, 0x00,
  0x04, 0x00, 0x00, 0x00, 0x4e, 0xe6, 0xff, 0xff, 0x04, 0x00, 0x00, 0x00,
  0x11, 0x00, 0x00, 0x00, 0x69, 0x6e, 0x70, 0x75, 0x74, 0x5f, 0x73, 0x70,
  0x65, 0x63, 0x74, 0x72, 0x6f, 0x67, 0x72, 0x61, 0x6d, 0x00, 0x00, 0x00,
  0x02, 0x00, 0x00, 0x00, 0x34, 0x00, 0x00, 0x00, 0x04, 0x00, 0x00, 0x00,
  0xdc, 0xff, 0xff, 0xff, 0x22, 0x00, 0x00, 0x00, 0x04, 0x00, 0x00, 0x00,
  0x13, 0x00, 0x00, 0x00, 0x43, 0x4f, 0x4e, 0x56, 0x45, 0x52, 0x53, 0x49,
  0x4f, 0x4e, 0x5f, 0x4d, 0x45, 0x54, 0x41, 0x44, 0x41, 0x54, 0x41, 0x00,
  0x08, 0x00, 0x0c, 0x00, 0x08, 0x00, 0x04, 0x00, 0x08, 0x00, 0x00, 0x00,
  0x21, 0x00, 0x00, 0x00, 0x04, 0x00, 0x00, 0x00, 0x13, 0x00, 0x00, 0x00,
  0x6d, 0x69, 0x6e, 0x5f, 0x72, 0x75, 0x6e, 0x74, 0x69, 0x6d, 0x65, 0x5f,
  0x76, 0x65, 0x72, 0x73, 0x69, 0x6f, 0x6e, 0x00, 0x23, 0x00, 0x00, 0x00,
  0x88, 0x18, 0x00, 0x00, 0x80, 0x18, 0x00, 0x00, 0x68, 0x18, 0x00, 0x00,
  0x44, 0x18, 0x00, 0x00, 0x44, 0x17, 0x00, 0x00, 0x74, 0x16, 0x00, 0x00,
  0x64, 0x0d, 0x00, 0x00, 0x94, 0x0c, 0x00, 0x00, 0xd4, 0x0a, 0x00, 0x00,
  0x04, 0x0a, 0x00, 0x00, 0x74, 0x05, 0x00, 0x00, 0x04, 0x05, 0x00, 0x00,
  0x1c, 0x04, 0x00, 0x00, 0xac, 0x03, 0x00, 0x00, 0x7c, 0x02, 0x00, 0x00,
  0x3c, 0x02, 0x00, 0x00, 0xc0, 0x01, 0x00, 0x00, 0x80, 0x01, 0x00, 0x00,
  0x04, 0x01, 0x00, 0x00, 0xfc, 0x00, 0x00, 0x00, 0xf4, 0x00, 0x00, 0x00,
  0xec, 0x00, 0x00, 0x00, 0xe4, 0x00, 0x00, 0x00, 0xdc, 0x00, 0x00, 0x00,
  0xd4, 0x00, 0x00, 0x00, 0xcc, 0x00, 0x00, 0x00, 0xc4, 0x00, 0x00, 0x00,
  0xbc, 0x00, 0x00, 0x00, 0xb4, 0x00, 0x00, 0x00, 0xac, 0x00, 0x00, 0x00,
  0xa4, 0x00, 0x00, 0x00, 0x9c, 0x00, 0x00, 0x00, 0x94, 0x00, 0x00, 0x00,
  0x74, 0x00, 0x00, 0x00, 0x04, 0x00, 0x00, 0x00, 0x5a, 0xe7, 0xff, 0xff,
  0x04, 0x00, 0x00, 0x00, 0x60, 0x00, 0x00, 0x00, 0x0c, 0x00, 0x00, 0x00,
  0x08, 0x00, 0x0e, 0x00, 0x08, 0x00, 0x04, 0x00, 0x08, 0x00, 0x00, 0x00,
  0x10, 0x00, 0x00, 0x00, 0x28, 0x00, 0x00, 0x00, 0x00, 0x00, 0x06, 0x00,
  0x08, 0x00, 0x04, 0x00, 0x06, 0x00, 0x00, 0x00, 0x04, 0x00, 0x00, 0x00,
  0x01, 0x00, 0x00, 0x00, 0xeb, 0x03, 0x00, 0x00, 0x0c, 0x00, 0x18, 0x00,
  0x14, 0x00, 0x10, 0x00, 0x0c, 0x00, 0x04, 0x00, 0x0c, 0x00, 0x00, 0x00,
  0x37, 0x75, 0xc0, 0xa3, 0x34, 0xca, 0xb2, 0x4e, 0x02, 0x00, 0x00, 0x00,
  0x02, 0x00, 0x00, 0x00, 0x04, 0x00, 0x00, 0x00, 0x06, 0x00, 0x00, 0x00,
  0x32, 0x2e, 0x32, 0x31, 0x2e, 0x30, 0x00, 0x00, 0xc6, 0xe7, 0xff, 0xff,
  0x04, 0x00, 0x00, 0x00, 0x10, 0x00, 0x00, 0x00, 0x31, 0x2e, 0x31, 0x34,
  0x2e, 0x30, 0x00, 0x00, 0x00, 0x00, 0x00, 0x00, 0x00, 0x00, 0x00, 0x00,
  0xb0, 0xaf, 0xff, 0xff, 0xb4, 0xaf, 0xff, 0xff, 0xb8, 0xaf, 0xff, 0xff,
  0xbc, 0xaf, 0xff, 0xff, 0xc0, 0xaf, 0xff, 0xff, 0xc4, 0xaf, 0xff, 0xff,
  0xc8, 0xaf, 0xff, 0xff, 0xcc, 0xaf, 0xff, 0xff, 0xd0, 0xaf, 0xff, 0xff,
  0xd4, 0xaf, 0xff, 0xff, 0xd8, 0xaf, 0xff, 0xff, 0xdc, 0xaf, 0xff, 0xff,
  0xe0, 0xaf, 0xff, 0xff, 0xe4, 0xaf, 0xff, 0xff, 0x1a, 0xe8, 0xff, 0xff,
  0x04, 0x00, 0x00, 0x00, 0x6c, 0x00, 0x00, 0x00, 0xf1, 0xf3, 0x24, 0xe3,
  0x14, 0x05, 0x31, 0x05, 0x7f, 0x29, 0xee, 0xbf, 0x95, 0xf3, 0x46, 0x7f,
  0x6f, 0x74, 0x2a, 0xee, 0x3c, 0xea, 0x07, 0x13, 0xd2, 0xaf, 0x81, 0x09,
  0xdf, 0x03, 0x2c, 0x75, 0x7f, 0xf9, 0xb6, 0xee, 0xf0, 0xba, 0xb9, 0x0f,
  0x2a, 0x81, 0x71, 0x33, 0x62, 0x0d, 0x20, 0x17, 0x0c, 0xe6, 0x12, 0xd4,
  0x81, 0x09, 0x81, 0xae, 0xd2, 0x1d, 0xe6, 0x1c, 0xf0, 0x2b, 0x12, 0x21,
  0x77, 0x2e, 0x5a, 0x05, 0xda, 0x81, 0x12, 0xba, 0x00, 0xf2, 0x27, 0xf2,
  0x12, 0x16, 0x0c, 0x19, 0x7f, 0x06, 0xcc, 0xde, 0x04, 0xc1, 0xcc, 0x23,
  0x35, 0x7f, 0x30, 0x06, 0x7f, 0xdf, 0xef, 0xae, 0x19, 0xff, 0x88, 0xec,
  0xe8, 0xfc, 0x0f, 0x0b, 0xef, 0x0b, 0x81, 0x9b, 0x92, 0xe8, 0xff, 0xff,
  0x04, 0x00, 0x00, 0x00, 0x30, 0x00, 0x00, 0x00, 0xb5, 0xa7, 0xff, 0xff,
  0xab, 0x84, 0xff, 0xff, 0xf0, 0x45, 0x00, 0x00, 0xe8, 0xaa, 0xff, 0xff,
  0x02, 0xe3, 0xff, 0xff, 0x78, 0x27, 0x00, 0x00, 0x22, 0x2e, 0x00, 0x00,
  0x07, 0xd6, 0xff, 0xff, 0x7e, 0x82, 0xff, 0xff, 0xa1, 0xee, 0xff, 0xff,
  0x0d, 0x19, 0x00, 0x00, 0xb9, 0x4e, 0x00, 0x00, 0xce, 0xe8, 0xff, 0xff,
  0x04, 0x00, 0x00, 0x00, 0x6c, 0x00, 0x00, 0x00, 0x22, 0x70, 0x2a, 0x14,
  0x44, 0xeb, 0xad, 0x7f, 0x03, 0x22, 0xb3, 0xc7, 0x05, 0x2f, 0xa0, 0xa9,
  0x13, 0xe0, 0x81, 0x58, 0x0a, 0xea, 0xfe, 0x18, 0x0e, 0x09, 0x3a, 0x81,
  0xad, 0xee, 0x23, 0xeb, 0xfe, 0x27, 0xe1, 0x9e, 0x03, 0x81, 0x13, 0x1b,
  0xae, 0xc4, 0x6f, 0xc3, 0xdc, 0xc1, 0x14, 0xe8, 0x69, 0x84, 0x12, 0xe0,
  0x6d, 0x19, 0x40, 0x00, 0x08, 0xef, 0x55, 0x9d, 0x7f, 0xea, 0xb4, 0xf5,
  0xc3, 0x7f, 0xe1, 0x07, 0xe5, 0x91, 0x27, 0xd9, 0xa1, 0xba, 0xde, 0x48,
  0xd6, 0xb1, 0xc2, 0xf2, 0x0a, 0x83, 0x81, 0x3a, 0xd6, 0x28, 0x5a, 0xb4,
  0x07, 0xec, 0xe7, 0x43, 0x1e, 0xeb, 0x4e, 0x71, 0x0d, 0x3c, 0x7f, 0x9e,
  0x7f, 0xdf, 0x2d, 0xc5, 0x7f, 0x81, 0xfb, 0x7f, 0x46, 0xe9, 0xff, 0xff,
  0x04, 0x00, 0x00, 0x00, 0x30, 0x00, 0x00, 0x00, 0x45, 0xf7, 0xff, 0xff,
  0x1c, 0xfd, 0xff, 0xff, 0xd0, 0xee, 0xff, 0xff, 0x1c, 0x18, 0x00, 0x00,
  0xb0, 0xfe, 0xff, 0xff, 0xa8, 0x06, 0x00, 0x00, 0x1a, 0x00, 0x00, 0x00,
  0x47, 0xf8, 0xff, 0xff, 0xc5, 0xfc, 0xff, 0xff, 0xd5, 0x12, 0x00, 0x00,
  0xcc, 0x02, 0x00, 0x00, 0x7a, 0xfe, 0xff, 0xff, 0x82, 0xe9, 0xff, 0xff,
  0x04, 0x00, 0x00, 0x00, 0x20, 0x01, 0x00, 0x00, 0x7f, 0x44, 0x21, 0x08,
  0x3f, 0x04, 0x50, 0x48, 0x17, 0xfe, 0x00, 0xf9, 0xb1, 0xda, 0x81, 0x3a,
  0x26, 0xa4, 0x2f, 0x06, 0xb6, 0xda, 0xbc, 0xb5, 0xdd, 0x85, 0x86, 0x33,
  0xa1, 0xe1, 0x81, 0xaa, 0xd8, 0x2a, 0xdf, 0xc3, 0x94, 0xa9, 0xe6, 0x72,
  0x1c, 0xca, 0xe1, 0xbd, 0x81, 0x4f, 0xcb, 0x02, 0xf4, 0x67, 0xf3, 0xf7,
  0x50, 0xd0, 0x35, 0x7f, 0x04, 0xfc, 0x59, 0x17, 0x13, 0x6d, 0x58, 0x15,
  0x4a, 0xd9, 0x11, 0x7f, 0xfd, 0x42, 0xe3, 0xd2, 0x64, 0x05, 0x95, 0x7f,
  0x22, 0x07, 0x30, 0xd9, 0x8b, 0xc5, 0xf9, 0xd1, 0xb2, 0xd5, 0x2a, 0x6b,
  0x8e, 0x40, 0x02, 0xa3, 0xc5, 0x65, 0x50, 0x7f, 0x93, 0x0e, 0x30, 0x1b,
  0x33, 0x12, 0xe1, 0xd2, 0xab, 0x7f, 0x54, 0xee, 0x03, 0xbd, 0xd7, 0xe6,
  0x81, 0xe6, 0x29, 0xf5, 0x34, 0x07, 0x16, 0x33, 0xf4, 0x2f, 0xea, 0x0f,
  0xdf, 0x00, 0x81, 0x2b, 0xfb, 0x03, 0xbe, 0xaa, 0x44, 0x49, 0x13, 0x28,
  0x1b, 0x81, 0xfe, 0xbb, 0x57, 0x20, 0xdc, 0x04, 0x7f, 0xd8, 0xc8, 0x55,
  0x0b, 0x17, 0xcc, 0xe9, 0x3a, 0x97, 0xe6, 0xee, 0x81, 0xf6, 0x0a, 0x20,
  0x01, 0xd5, 0xf9, 0x06, 0x52, 0x06, 0x00, 0x04, 0x78, 0x84, 0xd3, 0xd8,
  0x72, 0xaf, 0xb3, 0x81, 0x58, 0xc2, 0xc7, 0xdc, 0xdb, 0xfe, 0x7f, 0xc9,
  0xec, 0xf2, 0xfc, 0xfd, 0xff, 0xb7, 0x22, 0x39, 0xb4, 0x16, 0x1a, 0x38,
  0x08, 0xbd, 0xff, 0x02, 0x4a, 0x81, 0x04, 0x08, 0x81, 0xae, 0x09, 0x1b,
  0xe2, 0xaf, 0x59, 0xba, 0xe7, 0x05, 0x10, 0x0f, 0xae, 0xba, 0x29, 0x58,
  0x0f, 0x06, 0xbd, 0x1d, 0x5d, 0x81, 0xbc, 0xfe, 0x97, 0xd1, 0xfe, 0x2c,
  0x06, 0xcb, 0x61, 0xbb, 0x81, 0x60, 0xbd, 0x0c, 0x09, 0x39, 0xce, 0xab,
  0x90, 0x0f, 0xc3, 0x50, 0x81, 0x6d, 0x51, 0x04, 0xb8, 0x0b, 0x03, 0x39,
  0xf9, 0x7f, 0x36, 0xd4, 0xf2, 0x3e, 0x14, 0x2b, 0xa0, 0xe6, 0x08, 0x7f,
  0x47, 0x0a, 0x2b, 0x0d, 0x06, 0x97, 0x22, 0xf4, 0xc4, 0x64, 0xd2, 0x37,
  0x0c, 0xec, 0x36, 0xda, 0x3e, 0x81, 0x13, 0xff, 0xae, 0xea, 0xff, 0xff,
  0x04, 0x00, 0x00, 0x00, 0x60, 0x00, 0x00, 0x00, 0x10, 0xcf, 0xff, 0xff,
  0x15, 0x12, 0x00, 0x00, 0xd8, 0x1b, 0x00, 0x00, 0xcd, 0x02, 0x00, 0x00,
  0xda, 0xf7, 0xff, 0xff, 0x72, 0xed, 0xff, 0xff, 0xf5, 0xf1, 0xff, 0xff,
  0x55, 0xe9, 0xff, 0xff, 0x52, 0xf5, 0xff, 0xff, 0xe6, 0xf3, 0xff, 0xff,
  0x55, 0xfd, 0xff, 0xff, 0xdd, 0xf8, 0xff, 0xff, 0x2c, 0xf5, 0xff, 0xff,
  0xf8, 0x03, 0x00, 0x00, 0x59, 0x04, 0x00, 0x00, 0xc1, 0xf8, 0xff, 0xff,
  0xa0, 0x0a, 0x00, 0x00, 0x36, 0x08, 0x00, 0x00, 0x86, 0x03, 0x00, 0x00,
  0x84, 0xff, 0xff, 0xff, 0x8b, 0x04, 0x00, 0x00, 0x22, 0xf3, 0xff, 0xff,
  0xbf, 0xfb, 0xff, 0xff, 0x5d, 0x01, 0x00, 0x00, 0x1a, 0xeb, 0xff, 0xff,
  0x04, 0x00, 0x00, 0x00, 0xd8, 0x00, 0x00, 0x00, 0x93, 0xd7, 0x81, 0x7f,
  0x19, 0xda, 0x15, 0xea, 0xf2, 0x7f, 0x7f, 0xb3, 0xcc, 0x54, 0x18, 0x34,
  0xf4, 0x51, 0xa1, 0xdd, 0x34, 0xfe, 0x81, 0xfa, 0x6c, 0x70, 0xe7, 0x78,
  0x17, 0xe3, 0x02, 0xe2, 0xf0, 0x46, 0x4d, 0xae, 0x97, 0x25, 0x1e, 0x02,
  0xe8, 0x37, 0xb0, 0x37, 0x24, 0xb8, 0x13, 0x25, 0x72, 0x19, 0xaf, 0xf5,
  0x26, 0xaa, 0xf1, 0x81, 0xc1, 0x01, 0x1c, 0xd8, 0x81, 0xc4, 0x4f, 0xd7,
  0x81, 0x7f, 0xa5, 0x46, 0x52, 0x01, 0xa3, 0x42, 0x32, 0xb8, 0x00, 0xb4,
  0x0f, 0x81, 0x05, 0xf8, 0x1a, 0x1f, 0x42, 0xc6, 0x43, 0x81, 0xb4, 0xc9,
  0x31, 0x10, 0xfc, 0x74, 0xf5, 0xe4, 0xdd, 0x39, 0x63, 0xc6, 0x7a, 0xe9,
  0x81, 0x0a, 0x2f, 0xfc, 0x0f, 0x02, 0x4f, 0x81, 0x48, 0xc6, 0x9e, 0xe7,
  0x46, 0xf5, 0xed, 0x0d, 0x11, 0x81, 0xff, 0x22, 0x45, 0x7f, 0x24, 0xd9,
  0xfd, 0x8d, 0x64, 0xc9, 0x39, 0x10, 0x77, 0xd7, 0x6b, 0x61, 0x42, 0x39,
  0x10, 0xe8, 0x17, 0x70, 0x3b, 0xcb, 0xe1, 0x81, 0xb5, 0x7d, 0x2c, 0xba,
  0x19, 0xfa, 0xe8, 0x17, 0x19, 0x38, 0x09, 0x26, 0xab, 0x13, 0x23, 0x77,
  0xb9, 0xdd, 0x4d, 0xf0, 0x9c, 0x22, 0x34, 0x9d, 0x20, 0x7e, 0x74, 0x8a,
  0x83, 0x44, 0x81, 0x11, 0xcc, 0x09, 0x21, 0x66, 0xad, 0x15, 0xef, 0x0b,
  0xcf, 0x29, 0x78, 0x7f, 0x81, 0x12, 0x44, 0xd5, 0x7f, 0x8a, 0x16, 0x29,
  0x04, 0xe8, 0xb0, 0xfe, 0x81, 0x13, 0x2f, 0x20, 0xd2, 0xc4, 0x81, 0x81,
  0x0d, 0x21, 0x7f, 0x1f, 0x8f, 0x2f, 0x27, 0x41, 0xfe, 0xeb, 0xff, 0xff,
  0x04, 0x00, 0x00, 0x00, 0x60, 0x00, 0x00, 0x00, 0x3d, 0xfa, 0xff, 0xff,
  0x35, 0xea, 0xff, 0xff, 0xc5, 0xf1, 0xff, 0xff, 0xcb, 0x03, 0x00, 0x00,
  0xea, 0x0b, 0x00, 0x00, 0xdc, 0x19, 0x00, 0x00, 0x6d, 0xfa, 0xff, 0xff,
  0x00, 0x05, 0x00, 0x00, 0xe0, 0x03, 0x00, 0x00, 0x05, 0xfb, 0xff, 0xff,
  0xc4, 0xfc, 0xff, 0xff, 0x26, 0x14, 0x00, 0x00, 0x72, 0x0f, 0x00, 0x00,
  0x03, 0x02, 0x00, 0x00, 0xd6, 0x06, 0x00, 0x00, 0xda, 0xfd, 0xff, 0xff,
  0x93, 0x05, 0x00, 0x00, 0xb9, 0xf0, 0xff, 0xff, 0xc2, 0xf0, 0xff, 0xff,
  0x66, 0xed, 0xff, 0xff, 0x16, 0x09, 0x00, 0x00, 0xa1, 0x07, 0x00, 0x00,
  0x4b, 0x03, 0x00, 0x00, 0x81, 0xff, 0xff, 0xff, 0x6a, 0xec, 0xff, 0xff,
  0x04, 0x00, 0x00, 0x00, 0x80, 0x04, 0x00, 0x00, 0xd3, 0xb5, 0x57, 0xf6,
  0xc6, 0xf5, 0x15, 0xc1, 0x08, 0xbe, 0xf4, 0x0f, 0xfc, 0xd5, 0x00, 0xd3,
  0xeb, 0x50, 0xf7, 0x7f, 0xf0, 0x12, 0x08, 0x88, 0xe6, 0x1d, 0x02, 0x1f,
  0xeb, 0xab, 0x04, 0xd3, 0xed, 0xe7, 0x0a, 0x29, 0x89, 0xf4, 0x81, 0xfd,
  0xcd, 0x42, 0x04, 0xe7, 0x19, 0xe9, 0xed, 0xd1, 0x12, 0xf1, 0x4f, 0x2c,
  0x9e, 0x37, 0x30, 0xf7, 0x23, 0x06, 0x06, 0x17, 0x33, 0x39, 0x7c, 0xdd,
  0x7f, 0x12, 0xac, 0x15, 0xb6, 0xf4, 0x9e, 0x20, 0x15, 0xe7, 0x1f, 0x0b,
  0x0e, 0x37, 0xde, 0x1f, 0x13, 0x13, 0x81, 0x05, 0xd8, 0x27, 0xfb, 0x06,
  0xf6, 0x29, 0xcc, 0xf7, 0x8c, 0xb0, 0xe4, 0x20, 0xc1, 0x0c, 0xfb, 0x0a,
  0x0b, 0x1a, 0xe4, 0x24, 0x20, 0xe3, 0x01, 0x0f, 0x3f, 0x65, 0xdc, 0xdd,
  0x19, 0xaf, 0xdc, 0xaf, 0xeb, 0x7f, 0xd2, 0xdb, 0x19, 0x56, 0x81, 0x00,
  0xb5, 0xdd, 0xbc, 0x14, 0x71, 0x0b, 0x2c, 0xc0, 0xa5, 0x28, 0xbd, 0xc4,
  0xbc, 0xe5, 0xfb, 0x2a, 0xe0, 0xf4, 0x16, 0xc6, 0xf9, 0x04, 0xd7, 0x33,
  0x0c, 0x21, 0xe7, 0xf4, 0xf6, 0x0b, 0xa0, 0x7f, 0x0d, 0x08, 0xc7, 0xf8,
  0x25, 0x06, 0x0e, 0x10, 0xed, 0xf8, 0xd5, 0xde, 0x4f, 0xb5, 0xff, 0xd6,
  0x50, 0x28, 0xa3, 0x1a, 0xf3, 0xdf, 0xae, 0xce, 0xd4, 0xdd, 0xaf, 0xdf,
  0xdb, 0x11, 0xd2, 0xe0, 0x81, 0xd8, 0x26, 0xf9, 0xf9, 0x0f, 0xea, 0x0d,
  0x06, 0x29, 0xf8, 0x01, 0xe9, 0xf1, 0xa4, 0x7f, 0x09, 0x1e, 0xf8, 0xff,
  0x2a, 0x09, 0x17, 0xfe, 0xe9, 0x00, 0xea, 0x04, 0xa8, 0xa1, 0xff, 0x2a,
  0x03, 0xd2, 0xe9, 0x3c, 0x03, 0x29, 0x35, 0xc4, 0xf0, 0xe7, 0xde, 0x81,
  0xaa, 0x09, 0xf4, 0xe4, 0x26, 0x2b, 0xed, 0x0f, 0xda, 0x51, 0xc1, 0x2e,
  0xbd, 0xa2, 0x59, 0x36, 0xdf, 0xee, 0x78, 0xf8, 0x2d, 0x2f, 0x14, 0x9d,
  0xf6, 0xe6, 0xd9, 0xa8, 0xfb, 0x22, 0xe3, 0x81, 0x81, 0x16, 0xc5, 0x55,
  0xcb, 0xd3, 0x03, 0x13, 0xcc, 0x68, 0xf9, 0x21, 0xee, 0xc3, 0xa3, 0x55,
  0xb9, 0x04, 0x01, 0xee, 0xec, 0xde, 0xa4, 0x33, 0x7f, 0xe9, 0xf8, 0xde,
  0x17, 0x2d, 0xa1, 0x19, 0x45, 0x52, 0xe7, 0xb9, 0x95, 0xb3, 0xa1, 0x0f,
  0xd3, 0x00, 0xee, 0x07, 0xf6, 0xe8, 0x01, 0xfc, 0x17, 0x84, 0x00, 0xe3,
  0x2f, 0x42, 0x31, 0x23, 0x13, 0x01, 0xc6, 0x00, 0xf0, 0xe0, 0xb7, 0xb4,
  0x0b, 0xe4, 0x2f, 0xd5, 0x82, 0xf1, 0x13, 0x81, 0xb8, 0x3d, 0x1a, 0xd6,
  0xb8, 0xd2, 0xa2, 0xd6, 0xd5, 0x81, 0x18, 0x0d, 0x30, 0xc9, 0x01, 0xf0,
  0x1a, 0xf9, 0xf5, 0x22, 0xf6, 0xb5, 0xc5, 0xe0, 0x13, 0xcd, 0x5f, 0x09,
  0xa6, 0x1d, 0x5e, 0x56, 0x00, 0x17, 0x5b, 0x2a, 0x13, 0x58, 0x7f, 0xbd,
  0x68, 0x33, 0x20, 0x4b, 0xd1, 0xc5, 0xb6, 0x1c, 0x01, 0xeb, 0xf2, 0x47,
  0xd0, 0x50, 0x34, 0x00, 0x1c, 0xe9, 0x00, 0xf9, 0x7f, 0x0d, 0xf9, 0x05,
  0x01, 0xcf, 0xfd, 0xde, 0xb1, 0x36, 0xba, 0x3b, 0xf4, 0x27, 0x18, 0xf5,
  0xe7, 0x02, 0xe2, 0xce, 0xc4, 0xb3, 0x0b, 0x16, 0x17, 0x81, 0x19, 0xf9,
  0x05, 0x21, 0xf9, 0x59, 0xf6, 0xee, 0xe2, 0x12, 0x15, 0xf3, 0x72, 0x2d,
  0x94, 0x10, 0x0e, 0x08, 0x38, 0x06, 0x17, 0x31, 0x5f, 0x28, 0x18, 0xa7,
  0x7f, 0x88, 0x4b, 0x42, 0xd7, 0xe1, 0x0e, 0xe7, 0xba, 0xbd, 0x1a, 0xfe,
  0x0b, 0x3e, 0x20, 0x67, 0x41, 0xdd, 0x07, 0x63, 0x81, 0x1c, 0xf4, 0xb7,
  0x36, 0xa2, 0x42, 0x5a, 0xc6, 0x22, 0x3d, 0x9a, 0x44, 0xc0, 0xe7, 0xe1,
  0x38, 0x1b, 0x81, 0x4e, 0x05, 0x71, 0xc6, 0xb9, 0x85, 0x0f, 0xca, 0xdb,
  0xeb, 0xf5, 0xeb, 0xdd, 0xeb, 0x20, 0x03, 0x21, 0xef, 0xf7, 0xdd, 0xb7,
  0x24, 0x58, 0xdf, 0x05, 0x40, 0x05, 0x97, 0x35, 0x3f, 0xa1, 0x07, 0xdd,
  0x64, 0x15, 0x11, 0x2a, 0x9b, 0x28, 0x17, 0x81, 0x2c, 0xec, 0xe7, 0xf9,
  0xa8, 0x46, 0xf8, 0x1c, 0x73, 0x16, 0xe7, 0x81, 0xe2, 0x16, 0xaf, 0x06,
  0xb6, 0xb4, 0x24, 0x03, 0xba, 0x1e, 0xfb, 0xe9, 0x08, 0x0a, 0xb6, 0x7a,
  0x02, 0xe8, 0xdd, 0xf9, 0xf9, 0x00, 0xfa, 0x02, 0xb8, 0xba, 0x81, 0xcc,
  0x9c, 0x3a, 0x17, 0x1f, 0x1b, 0x6b, 0xa2, 0x53, 0xfb, 0xf9, 0xe4, 0xf1,
  0xf5, 0xe6, 0xbd, 0x03, 0x2e, 0xbe, 0xe0, 0xf4, 0x81, 0x2d, 0x06, 0x00,
  0xe5, 0xc0, 0xff, 0xce, 0x17, 0x07, 0xf0, 0xdd, 0x16, 0xef, 0x17, 0xc6,
  0x7f, 0x11, 0xc0, 0xe0, 0xbe, 0x1a, 0x09, 0xda, 0x09, 0xd7, 0x0e, 0x38,
  0x00, 0x03, 0xb5, 0xd7, 0x55, 0xf6, 0x38, 0xea, 0xfb, 0xf1, 0xe5, 0xec,
  0x05, 0x4d, 0xc7, 0x05, 0x02, 0xff, 0xaa, 0xef, 0x13, 0x1e, 0x28, 0xd0,
  0x17, 0x2d, 0x81, 0x11, 0xc5, 0x9a, 0xd3, 0x1f, 0xcc, 0xe4, 0xc9, 0xf6,
  0xd6, 0xf2, 0xc0, 0xf4, 0xf4, 0xa8, 0xac, 0xf3, 0x22, 0xd8, 0x38, 0x22,
  0xe8, 0x3c, 0x1f, 0x1c, 0xd9, 0xf2, 0xd6, 0x81, 0x87, 0x53, 0xfe, 0xe7,
  0xe3, 0x16, 0x81, 0xb4, 0xe7, 0xa6, 0x07, 0x22, 0xec, 0x20, 0x12, 0xcf,
  0xa9, 0x1c, 0x18, 0x28, 0xfe, 0xc7, 0xcb, 0xae, 0x8f, 0xda, 0xc6, 0xad,
  0xd7, 0x0b, 0x46, 0x37, 0xdf, 0x29, 0xf9, 0xab, 0x8f, 0x81, 0xbe, 0xf6,
  0xe5, 0x26, 0x3d, 0x34, 0x1b, 0x0a, 0xe0, 0x04, 0xef, 0xf7, 0xf0, 0x17,
  0xe0, 0x22, 0xf8, 0x7f, 0xc3, 0xe8, 0xe3, 0x24, 0xf3, 0x04, 0x1e, 0xf4,
  0x33, 0xd6, 0xa6, 0xd1, 0x07, 0x64, 0x07, 0x14, 0x22, 0x4c, 0x2d, 0xe8,
  0xfb, 0x5c, 0xd0, 0xd1, 0x0b, 0x09, 0x09, 0x4d, 0x7f, 0xff, 0xe6, 0xe0,
  0x5e, 0x12, 0xa4, 0x06, 0xa0, 0xd4, 0xc1, 0xf9, 0x27, 0x46, 0xf6, 0x5b,
  0x81, 0x9e, 0x34, 0xe6, 0xb8, 0x40, 0x4f, 0x71, 0x2f, 0x17, 0x22, 0x15,
  0xd9, 0x3a, 0x3a, 0xbc, 0x4a, 0x24, 0xed, 0x33, 0xf7, 0xd7, 0x0d, 0x47,
  0x0d, 0xf4, 0x19, 0x6a, 0xf8, 0x18, 0x14, 0x7f, 0xe6, 0xd3, 0xe3, 0xd6,
  0xee, 0xdb, 0x52, 0xea, 0x1e, 0x4e, 0x07, 0x2c, 0x81, 0x30, 0xfd, 0xfc,
  0xdc, 0xe3, 0xf7, 0xfc, 0xf7, 0x20, 0x01, 0x06, 0x02, 0xe1, 0x3b, 0x39,
  0x06, 0xed, 0xe2, 0x01, 0xf2, 0x14, 0xd7, 0xd7, 0x34, 0x09, 0xfa, 0xc3,
  0xf3, 0xfd, 0xfa, 0x0f, 0xde, 0x16, 0xd2, 0xe7, 0xe5, 0xea, 0x3f, 0xac,
  0xd3, 0xe5, 0xd4, 0xec, 0xc5, 0xc5, 0xd9, 0x81, 0xe3, 0x36, 0x24, 0xcb,
  0xe1, 0x04, 0x8b, 0xf6, 0xdd, 0xf4, 0xfd, 0xed, 0x40, 0xbb, 0x36, 0x22,
  0x26, 0xfa, 0x81, 0x1a, 0xeb, 0x93, 0xde, 0xe6, 0x82, 0xcb, 0xae, 0xff,
  0xff, 0x01, 0x14, 0xfe, 0x14, 0x3e, 0xa0, 0xcc, 0xc2, 0xcf, 0x81, 0x00,
  0xf9, 0xfc, 0xc4, 0xe1, 0xfe, 0x2b, 0x04, 0xfb, 0x81, 0x48, 0xd5, 0x6d,
  0x8b, 0xf8, 0x15, 0xd3, 0x04, 0xf2, 0x10, 0x43, 0xf4, 0xf9, 0x25, 0x46,
  0x09, 0xdc, 0xe2, 0xf5, 0x07, 0x05, 0xa0, 0xcd, 0x19, 0x15, 0x15, 0xf9,
  0xbe, 0xca, 0x34, 0xe4, 0xf9, 0xf6, 0x36, 0x36, 0x24, 0x13, 0x30, 0x81,
  0x9b, 0x21, 0x10, 0xd4, 0x36, 0xcd, 0xc4, 0xf5, 0x16, 0x36, 0xf2, 0xde,
  0xef, 0x23, 0xa9, 0xca, 0x20, 0x27, 0x81, 0x49, 0x0c, 0x9c, 0xec, 0xfd,
  0xc3, 0xd4, 0x55, 0x19, 0xc8, 0xc1, 0xcc, 0xc6, 0xfc, 0x02, 0xf3, 0x29,
  0xf7, 0x11, 0x21, 0x1b, 0xf7, 0x04, 0x32, 0x0c, 0x7f, 0x5d, 0xfa, 0xec,
  0x3a, 0xde, 0xf8, 0xd7, 0xd9, 0x15, 0xe6, 0x2a, 0x23, 0x28, 0x08, 0xd2,
  0x8a, 0x81, 0x01, 0xd0, 0xeb, 0x30, 0x25, 0x0d, 0x31, 0xfd, 0x12, 0x30,
  0x1d, 0x18, 0x2c, 0x0b, 0x09, 0xea, 0xdb, 0x01, 0x07, 0x06, 0x81, 0xf9,
  0x25, 0x25, 0xc8, 0x2e, 0x32, 0x49, 0xd3, 0xd2, 0xc6, 0xc8, 0x90, 0xe6,
  0xc9, 0xc0, 0xe5, 0xcf, 0x07, 0x3b, 0x1b, 0x26, 0xff, 0xda, 0x3d, 0x1a,
  0xb5, 0x1e, 0x1a, 0x24, 0x2f, 0xf3, 0x0e, 0x10, 0x4c, 0xe4, 0x07, 0xdd,
  0x2f, 0xcf, 0xa5, 0x1e, 0xf5, 0x73, 0x81, 0x40, 0x28, 0xb4, 0x85, 0xe6,
  0xa6, 0x1a, 0x37, 0x59, 0x6d, 0xf2, 0xb5, 0xb0, 0x8c, 0xe6, 0xae, 0xb3,
  0x04, 0x81, 0x3f, 0xaf, 0xa7, 0x4a, 0x20, 0xc7, 0xfc, 0xba, 0x5e, 0xf1,
  0xe9, 0xe5, 0x3b, 0x57, 0xff, 0x0d, 0x28, 0x3e, 0x13, 0x4a, 0x4d, 0xc9,
  0x37, 0x81, 0x23, 0xdc, 0x05, 0x04, 0xc8, 0xfc, 0xaa, 0xe6, 0xb7, 0xd3,
  0xe1, 0xf7, 0x8d, 0xff, 0xf6, 0xdd, 0xa2, 0xd5, 0x11, 0xae, 0x12, 0x11,
  0xc8, 0xf0, 0xa9, 0x0c, 0xcc, 0x03, 0xd2, 0x81, 0xf6, 0xf0, 0xff, 0xff,
  0x04, 0x00, 0x00, 0x00, 0xc0, 0x00, 0x00, 0x00, 0xf2, 0x01, 0x00, 0x00,
  0x7d, 0x0f, 0x00, 0x00, 0x28, 0xea, 0xff, 0xff, 0xa6, 0xfe, 0xff, 0xff,
  0x2c, 0xf0, 0xff, 0xff, 0xa9, 0x08, 0x00, 0x00, 0xd4, 0xf2, 0xff, 0xff,
  0xcd, 0x0d, 0x00, 0x00, 0x87, 0xf5, 0xff, 0xff, 0xaa, 0x05, 0x00, 0x00,
  0xdb, 0x00, 0x00, 0x00, 0x0e, 0x05, 0x00, 0x00, 0xa9, 0x07, 0x00, 0x00,
  0x10, 0x04, 0x00, 0x00, 0x72, 0x0c, 0x00, 0x00, 0x02, 0xe8, 0xff, 0xff,
  0x33, 0xf6, 0xff, 0xff, 0xd5, 0x08, 0x00, 0x00, 0x14, 0xed, 0xff, 0xff,
  0x06, 0xf7, 0xff, 0xff, 0x34, 0x06, 0x00, 0x00, 0x9b, 0xfb, 0xff, 0xff,
  0xeb, 0x08, 0x00, 0x00, 0xba, 0xfb, 0xff, 0xff, 0x11, 0x0c, 0x00, 0x00,
  0x9e, 0xf6, 0xff, 0xff, 0xeb, 0x00, 0x00, 0x00, 0xa1, 0x0c, 0x00, 0x00,
  0x3c, 0x0b, 0x00, 0x00, 0xfa, 0x0f, 0x00, 0x00, 0xa4, 0xed, 0xff, 0xff,
  0x96, 0xec, 0xff, 0xff, 0xac, 0xf1, 0xff, 0xff, 0x70, 0xee, 0xff, 0xff,
  0xb7, 0x01, 0x00, 0x00, 0x7b, 0x0f, 0x00, 0x00, 0x37, 0x0a, 0x00, 0x00,
  0xdc, 0x10, 0x00, 0x00, 0xcf, 0xfd, 0xff, 0xff, 0x94, 0x03, 0x00, 0x00,
  0xa7, 0x05, 0x00, 0x00, 0x6b, 0xf0, 0xff, 0xff, 0x30, 0x00, 0x00, 0x00,
  0xb7, 0x07, 0x00, 0x00, 0x0d, 0xee, 0xff, 0xff, 0xad, 0x10, 0x00, 0x00,
  0xdf, 0xf4, 0xff, 0xff, 0x96, 0x0e, 0x00, 0x00, 0xc2, 0xf1, 0xff, 0xff,
  0x04, 0x00, 0x00, 0x00, 0xb0, 0x01, 0x00, 0x00, 0x49, 0x3f, 0x28, 0xd1,
  0x46, 0x20, 0x46, 0xf3, 0xb7, 0x97, 0xc1, 0x6c, 0x47, 0x5d, 0x2a, 0xa0,
  0x95, 0x9f, 0xb5, 0xca, 0x78, 0x33, 0xaa, 0x53, 0xd9, 0x47, 0x67, 0x11,
  0xa0, 0x09, 0xef, 0xa3, 0x2d, 0xc7, 0x5b, 0x3f, 0x63, 0x1f, 0xee, 0x56,
  0x81, 0x86, 0xaa, 0x50, 0x10, 0x70, 0x37, 0x6c, 0x20, 0x58, 0x23, 0xc2,
  0x77, 0x7f, 0x1e, 0x30, 0x5a, 0xa8, 0x81, 0x76, 0xd1, 0x18, 0x35, 0x85,
  0x0d, 0xaf, 0xb5, 0xbe, 0x2c, 0x55, 0x81, 0x66, 0x19, 0x57, 0x7f, 0x3d,
  0xca, 0x93, 0x9d, 0x81, 0x2f, 0xb1, 0x7f, 0x4b, 0x78, 0x85, 0x5b, 0x34,
  0xd9, 0xc9, 0x81, 0xa7, 0x45, 0x7f, 0x4c, 0x71, 0x47, 0x3a, 0x19, 0xd6,
  0xbb, 0x35, 0x81, 0x02, 0x69, 0x04, 0xa8, 0x7f, 0xf1, 0x19, 0x47, 0x81,
  0x49, 0xc0, 0xb5, 0xa8, 0x50, 0x42, 0xaa, 0x3b, 0x0f, 0x48, 0x4b, 0xf9,
  0x81, 0x0f, 0x81, 0xb3, 0x35, 0x81, 0x72, 0x2f, 0x7f, 0x39, 0x08, 0x45,
  0xeb, 0x9b, 0x90, 0x0d, 0xf3, 0x4c, 0x49, 0x5a, 0xeb, 0x61, 0xfd, 0x31,
  0x50, 0x2e, 0x83, 0x6f, 0x5d, 0xcf, 0x99, 0x6b, 0x5a, 0x7f, 0x01, 0x01,
  0x36, 0xc4, 0xc9, 0x35, 0x81, 0x81, 0xee, 0x53, 0x2d, 0x5d, 0xc7, 0x24,
  0xc5, 0x23, 0x60, 0x30, 0xe0, 0x2a, 0x5a, 0x41, 0xe9, 0x0a, 0x0c, 0xc6,
  0x18, 0x32, 0x56, 0x4f, 0xf1, 0xa7, 0xd5, 0x7f, 0x90, 0x7f, 0x05, 0x26,
  0x6d, 0x61, 0xdd, 0x48, 0x2d, 0x81, 0xc1, 0x5f, 0xcc, 0x68, 0x04, 0x0c,
  0xd8, 0xdc, 0x81, 0x53, 0x85, 0xb7, 0xd6, 0x70, 0x49, 0x7f, 0xff, 0x7f,
  0xd5, 0xc6, 0x56, 0x50, 0xfa, 0x25, 0x45, 0x7f, 0x2c, 0x81, 0x71, 0xd6,
  0xd6, 0x2f, 0x4f, 0x81, 0x7f, 0xdb, 0xa9, 0x3c, 0x81, 0x55, 0x06, 0x38,
  0x41, 0x22, 0x6c, 0x7f, 0x84, 0xe0, 0xa1, 0x77, 0xf5, 0x73, 0xf6, 0x0c,
  0xcf, 0xbc, 0xaf, 0x34, 0xb7, 0x9f, 0xb4, 0x5d, 0x59, 0x26, 0xe9, 0x5a,
  0xcf, 0x50, 0x77, 0x38, 0xe1, 0x1c, 0x70, 0x52, 0xec, 0x50, 0x16, 0xe7,
  0xb7, 0x22, 0x50, 0x30, 0x24, 0x9f, 0x8f, 0x74, 0xf5, 0x1c, 0x8a, 0x8b,
  0x18, 0x22, 0x36, 0x42, 0x81, 0x7e, 0x9f, 0x5f, 0x1c, 0x1d, 0x96, 0x2a,
  0x54, 0x7d, 0x58, 0x81, 0xaa, 0x4e, 0x2e, 0x4c, 0x01, 0x6a, 0xd1, 0x05,
  0x6f, 0xd6, 0x2b, 0xc2, 0x8c, 0xd4, 0x4e, 0x45, 0x8e, 0xed, 0xf0, 0x82,
  0x3b, 0x82, 0xbc, 0x3f, 0xb8, 0x97, 0x81, 0x62, 0xe3, 0x2a, 0x99, 0xc9,
  0x7f, 0x63, 0xf7, 0x60, 0xf4, 0x3b, 0xec, 0x51, 0x81, 0x4b, 0xae, 0x30,
  0xf8, 0x69, 0x7b, 0x9f, 0xd1, 0x62, 0x6c, 0x5c, 0x84, 0x67, 0xa0, 0x0a,
  0x60, 0x81, 0x59, 0xbc, 0xab, 0xe3, 0x2b, 0x4c, 0x8e, 0xa5, 0x7f, 0x92,
  0x1d, 0x83, 0xba, 0x89, 0x41, 0xc2, 0xe7, 0x53, 0x90, 0x16, 0x81, 0x81,
  0x4a, 0xfd, 0xbe, 0x5c, 0x52, 0x35, 0xbc, 0x6b, 0xc2, 0x34, 0x81, 0x39,
  0x81, 0x7f, 0x78, 0xa1, 0xa8, 0x5b, 0x63, 0x7f, 0x81, 0x5e, 0x35, 0xfa,
  0x61, 0x21, 0x4a, 0xc3, 0x81, 0xe4, 0x5c, 0x40, 0x85, 0x4c, 0x25, 0x81,
  0x3e, 0x81, 0xa9, 0xf3, 0x75, 0x84, 0xca, 0x2f, 0x7e, 0xf3, 0xff, 0xff,
  0x04, 0x00, 0x00, 0x00, 0xc0, 0x00, 0x00, 0x00, 0xd0, 0x04, 0x00, 0x00,
  0xef, 0xd7, 0xff, 0xff, 0x83, 0x04, 0x00, 0x00, 0xac, 0x01, 0x00, 0x00,
  0xec, 0xea, 0xff, 0xff, 0x38, 0xe6, 0xff, 0xff, 0x05, 0xff, 0xff, 0xff,
  0x3f, 0xe8, 0xff, 0xff, 0x71, 0xf9, 0xff, 0xff, 0x10, 0x05, 0x00, 0x00,
  0x96, 0x11, 0x00, 0x00, 0xba, 0xdb, 0xff, 0xff, 0x25, 0x06, 0x00, 0x00,
  0xb3, 0xeb, 0xff, 0xff, 0x2a, 0x02, 0x00, 0x00, 0x68, 0x0d, 0x00, 0x00,
  0x96, 0x03, 0x00, 0x00, 0x97, 0x04, 0x00, 0x00, 0x74, 0x07, 0x00, 0x00,
  0x37, 0x05, 0x00, 0x00, 0x2c, 0x0c, 0x00, 0x00, 0x37, 0xf3, 0xff, 0xff,
  0x80, 0x06, 0x00, 0x00, 0x2b, 0xdd, 0xff, 0xff, 0x18, 0xfc, 0xff, 0xff,
  0x17, 0xf2, 0xff, 0xff, 0x04, 0xf5, 0xff, 0xff, 0xb9, 0xf0, 0xff, 0xff,
  0x88, 0x04, 0x00, 0x00, 0x33, 0x02, 0x00, 0x00, 0xf5, 0xf5, 0xff, 0xff,
  0xb6, 0x03, 0x00, 0x00, 0x8e, 0x06, 0x00, 0x00, 0xf9, 0x08, 0x00, 0x00,
  0x54, 0xe3, 0xff, 0xff, 0x31, 0xe1, 0xff, 0xff, 0x96, 0xf5, 0xff, 0xff,
  0xac, 0x01, 0x00, 0x00, 0xaf, 0xf5, 0xff, 0xff, 0xbe, 0x06, 0x00, 0x00,
  0x0c, 0x02, 0x00, 0x00, 0xbe, 0x23, 0x00, 0x00, 0xc1, 0x06, 0x00, 0x00,
  0x4d, 0x03, 0x00, 0x00, 0x71, 0xf3, 0xff, 0xff, 0xe0, 0x06, 0x00, 0x00,
  0xd6, 0x04, 0x00, 0x00, 0xe1, 0xf3, 0xff, 0xff, 0x4a, 0xf4, 0xff, 0xff,
  0x04, 0x00, 0x00, 0x00, 0x00, 0x09, 0x00, 0x00, 0xfc, 0xf9, 0x18, 0x7f,
  0x13, 0x1d, 0xf8, 0x07, 0xf9, 0xe4, 0x4e, 0x29, 0xf0, 0xf2, 0xf4, 0xe7,
  0x16, 0xe5, 0xce, 0xbd, 0x1d, 0xcb, 0x63, 0xde, 0x00, 0xd8, 0x54, 0x0a,
  0x31, 0xe5, 0xf4, 0x0e, 0xb6, 0xf4, 0x5b, 0xee, 0x0a, 0x17, 0x15, 0xdc,
  0x29, 0x14, 0x94, 0x24, 0x11, 0x10, 0x29, 0x35, 0x34, 0xab, 0x49, 0x22,
  0x0d, 0x26, 0x7f, 0xf1, 0x58, 0x3c, 0x2b, 0xec, 0xf9, 0x10, 0xea, 0x3d,
  0x64, 0xd6, 0x02, 0x21, 0xd7, 0xfc, 0x2f, 0xe3, 0x1a, 0xe6, 0x34, 0x08,
  0x07, 0x02, 0xf0, 0x0f, 0xdb, 0xf0, 0x39, 0x06, 0x1a, 0xf6, 0x28, 0xcc,
  0x4a, 0xf7, 0xbd, 0x02, 0x53, 0xf9, 0x33, 0xfa, 0x7c, 0x3b, 0x9f, 0xc3,
  0x41, 0x25, 0x18, 0xd9, 0xf7, 0xf7, 0xbc, 0xdf, 0xf4, 0x0c, 0xfd, 0xa3,
  0x12, 0xaf, 0xb2, 0xd9, 0xe3, 0xc9, 0xed, 0x0d, 0x7f, 0xd3, 0xcf, 0x07,
  0xde, 0x03, 0x5b, 0xbe, 0xe5, 0xc7, 0xd8, 0xde, 0xd3, 0xdd, 0x01, 0x07,
  0x12, 0x8e, 0x50, 0xe9, 0x06, 0xbc, 0x9a, 0xf2, 0x39, 0x24, 0xa4, 0x93,
  0x1e, 0x06, 0xdf, 0xcb, 0xdb, 0x18, 0x76, 0xfe, 0x5d, 0xe3, 0xa4, 0x91,
  0x18, 0x81, 0x8d, 0xd5, 0x31, 0x95, 0x3c, 0x27, 0x61, 0xaf, 0xce, 0x03,
  0xc2, 0x36, 0x1e, 0xa2, 0x09, 0x03, 0xd3, 0x19, 0x8a, 0x10, 0xd2, 0xad,
  0xff, 0xef, 0x34, 0x61, 0x3e, 0xe1, 0x9e, 0x1e, 0x7c, 0x72, 0xc2, 0xbc,
  0x65, 0xfe, 0x22, 0xd3, 0xe3, 0x09, 0xdf, 0xd6, 0x01, 0xf2, 0x02, 0xac,
  0x0d, 0xad, 0xce, 0x40, 0xf2, 0x19, 0xb4, 0x0a, 0x5c, 0xcc, 0xc0, 0x01,
  0xcb, 0x3c, 0x44, 0xea, 0x02, 0xde, 0xdd, 0xf5, 0xae, 0xed, 0xfb, 0x3d,
  0x18, 0x83, 0x7f, 0xea, 0x07, 0xc4, 0x88, 0xe7, 0x1a, 0x22, 0xc6, 0x35,
  0xf9, 0xbd, 0xb6, 0x3b, 0xc3, 0xc3, 0x1a, 0x4e, 0x85, 0x41, 0x5d, 0x0d,
  0xc4, 0x7a, 0xcb, 0xb6, 0x7f, 0xe2, 0xcb, 0x17, 0xd5, 0xed, 0x03, 0xdf,
  0x48, 0xe1, 0xd6, 0x1a, 0xf5, 0xd7, 0x25, 0x18, 0x0f, 0xa3, 0x1b, 0x17,
  0x1d, 0xbd, 0x48, 0xb3, 0xe0, 0xfd, 0xdd, 0x06, 0xdf, 0xda, 0x7f, 0x4d,
  0x06, 0x07, 0x07, 0x00, 0xec, 0xfb, 0x30, 0x02, 0x09, 0x20, 0x07, 0x60,
  0x18, 0x21, 0x3d, 0x2e, 0xdd, 0xfc, 0x14, 0xe0, 0xf1, 0x05, 0x56, 0xef,
  0x2c, 0x24, 0xe3, 0x5a, 0x3a, 0xf4, 0x1f, 0x04, 0x31, 0x29, 0xd8, 0x2a,
  0x09, 0x18, 0xeb, 0x1a, 0x00, 0x3f, 0x51, 0x15, 0x2c, 0x09, 0xae, 0xd5,
  0x24, 0x2c, 0xdc, 0xb4, 0xe1, 0xfe, 0x27, 0x0c, 0x69, 0xe9, 0xac, 0x87,
  0x11, 0x98, 0xba, 0xe8, 0x1a, 0xa9, 0x4c, 0x12, 0x3a, 0xbf, 0xde, 0x32,
  0xca, 0x09, 0x06, 0xa6, 0x19, 0x2f, 0xf0, 0x06, 0xab, 0x4d, 0xc0, 0x81,
  0xe7, 0x40, 0x0b, 0x78, 0x4c, 0xf7, 0xb6, 0x4f, 0x45, 0x06, 0xdb, 0xe9,
  0x3d, 0x19, 0x5b, 0xd6, 0x0a, 0x27, 0xd6, 0xe5, 0xfd, 0xf2, 0x06, 0xd4,
  0x55, 0xb7, 0xf0, 0x00, 0xa9, 0xfc, 0x06, 0xe8, 0x7f, 0xe6, 0x04, 0xf6,
  0xd1, 0xed, 0x44, 0x07, 0xd4, 0xef, 0xe8, 0xf0, 0xf6, 0xf2, 0x1c, 0xe8,
  0x0e, 0xc6, 0x02, 0xf4, 0x56, 0xcd, 0xbe, 0xf4, 0xfa, 0x04, 0x15, 0x0c,
  0x06, 0xec, 0xde, 0xf8, 0xd9, 0x0e, 0xfe, 0x18, 0x0e, 0x37, 0x44, 0x34,
  0xf9, 0x2d, 0x37, 0x23, 0xd9, 0x2a, 0xd2, 0xf4, 0xc5, 0xec, 0xfc, 0x04,
  0x10, 0x2d, 0xe7, 0x52, 0x7d, 0x22, 0x1c, 0x04, 0x25, 0x2b, 0xf5, 0x7f,
  0xd4, 0xf3, 0x3a, 0x06, 0xf0, 0xf9, 0x11, 0x09, 0x24, 0x00, 0xdc, 0x6f,
  0x01, 0x5c, 0x4b, 0xeb, 0x3e, 0xf4, 0x6b, 0x05, 0xef, 0xfb, 0x02, 0xdc,
  0x49, 0xc4, 0x9b, 0xbb, 0x48, 0xa3, 0x72, 0x25, 0x57, 0xb9, 0x2a, 0x12,
  0x31, 0xf2, 0x0f, 0xbe, 0x81, 0x9b, 0x32, 0x08, 0x19, 0xee, 0x3b, 0x9c,
  0x4f, 0xfb, 0xb6, 0xff, 0x30, 0xea, 0x3c, 0x0a, 0x1d, 0x4e, 0xcf, 0x2d,
  0x1a, 0x5b, 0xf7, 0xdf, 0x02, 0xb9, 0x31, 0xea, 0xda, 0x14, 0x22, 0xba,
  0x15, 0xd1, 0xa2, 0x9b, 0x02, 0x9c, 0x5a, 0x6f, 0x5c, 0xea, 0xf4, 0x0e,
  0x49, 0xc7, 0xee, 0xe3, 0x81, 0xb4, 0x33, 0x10, 0x0c, 0xf0, 0x1a, 0xd1,
  0x19, 0xef, 0xbc, 0xee, 0x1a, 0xf6, 0xff, 0xf5, 0xf5, 0x32, 0xa2, 0x4d,
  0xe9, 0x35, 0xa7, 0x2f, 0xb9, 0x99, 0xfa, 0x61, 0x29, 0x41, 0x53, 0xdc,
  0xca, 0x50, 0xc3, 0x81, 0x56, 0xc0, 0x14, 0x22, 0xf9, 0xd2, 0xfe, 0xe6,
  0x4c, 0xf5, 0xd8, 0xd6, 0xe9, 0xfe, 0x57, 0x50, 0x1e, 0x52, 0x0c, 0xd0,
  0xf4, 0x37, 0x05, 0x2e, 0xeb, 0x40, 0xf2, 0x04, 0x07, 0xf6, 0x51, 0x3a,
  0x14, 0xf4, 0xec, 0x23, 0xdd, 0xfe, 0x2d, 0x18, 0xcc, 0xf0, 0x4c, 0x52,
  0xf1, 0x48, 0x61, 0x1d, 0xf8, 0x22, 0xcd, 0xef, 0xe7, 0xec, 0x21, 0xf0,
  0x1e, 0x21, 0xe9, 0x47, 0x38, 0x1f, 0x10, 0xf1, 0x36, 0xd7, 0xed, 0x7f,
  0x03, 0x08, 0x0c, 0xe8, 0xef, 0x1d, 0x1c, 0xf9, 0x36, 0xda, 0x18, 0xe5,
  0x24, 0xed, 0x7f, 0xfd, 0x3c, 0x40, 0xf6, 0xe0, 0x09, 0xf2, 0xec, 0xf3,
  0x78, 0xc8, 0x14, 0x42, 0xb3, 0x1b, 0x03, 0xf5, 0x41, 0xf5, 0x35, 0xf2,
  0xca, 0x15, 0x0f, 0x35, 0xf0, 0x15, 0xe9, 0xf7, 0xe1, 0xf6, 0x28, 0xf0,
  0x0c, 0xdc, 0xe0, 0x02, 0x4b, 0xf4, 0xeb, 0x07, 0x01, 0xd4, 0x5d, 0x4f,
  0xf9, 0xf0, 0x50, 0xef, 0x3e, 0x35, 0x49, 0xec, 0x05, 0x17, 0xd8, 0x4c,
  0x45, 0xeb, 0x0e, 0x42, 0x05, 0x07, 0x44, 0xee, 0xf1, 0xd5, 0x73, 0x3e,
  0x20, 0xf9, 0xf1, 0x3b, 0xf2, 0xf3, 0x41, 0x21, 0xf8, 0x0f, 0xfd, 0x10,
  0x48, 0x34, 0x9f, 0x0b, 0x26, 0x18, 0x7f, 0x3a, 0x6f, 0x28, 0x03, 0x9b,
  0x74, 0xe2, 0x7f, 0xde, 0x01, 0x52, 0xb0, 0xca, 0xef, 0xdc, 0xe9, 0xdc,
  0x78, 0x95, 0x34, 0x5b, 0xc9, 0x43, 0xa5, 0xc6, 0x5c, 0xc8, 0xed, 0xe7,
  0xa1, 0x33, 0x78, 0x27, 0x14, 0x1e, 0xf5, 0xe0, 0xc3, 0xe6, 0x13, 0x47,
  0x0b, 0xaa, 0x69, 0xe4, 0x2f, 0xb5, 0xb0, 0xd1, 0x31, 0x0d, 0xb1, 0xaa,
  0x26, 0xf2, 0xd5, 0xf9, 0xcc, 0x0d, 0x03, 0x06, 0x6f, 0x0a, 0x8d, 0x98,
  0x0e, 0x9d, 0xb8, 0xda, 0x06, 0xb5, 0x1e, 0x29, 0x3d, 0xc5, 0xe3, 0x07,
  0xb9, 0x28, 0x29, 0xaa, 0x2e, 0x28, 0xd2, 0x06, 0x81, 0x4a, 0xbd, 0xbd,
  0xe3, 0x0b, 0x3f, 0x72, 0x41, 0xda, 0x9f, 0x27, 0x0b, 0xdc, 0x58, 0xf9,
  0x0c, 0xfd, 0x24, 0x10, 0x0b, 0x14, 0x16, 0xef, 0xe5, 0x15, 0x0c, 0x27,
  0x12, 0x06, 0x7f, 0x2f, 0x1e, 0x1a, 0xd5, 0xd7, 0xf9, 0xfb, 0xfc, 0xeb,
  0xfc, 0x02, 0x01, 0x43, 0x29, 0x31, 0x1a, 0x05, 0x03, 0xed, 0x00, 0x48,
  0x05, 0x00, 0xf3, 0xeb, 0x01, 0xfa, 0x31, 0xf3, 0x48, 0x24, 0x16, 0xb5,
  0x71, 0xd0, 0x37, 0xca, 0xdc, 0x25, 0xb8, 0xc8, 0xda, 0x04, 0x0e, 0xfe,
  0x0f, 0xca, 0x3d, 0x22, 0x23, 0x33, 0x95, 0x01, 0x48, 0xe3, 0xb5, 0xf0,
  0xc3, 0x39, 0x5e, 0x1a, 0x29, 0x11, 0xe3, 0xf1, 0xd9, 0xe4, 0x35, 0x68,
  0x01, 0x81, 0x64, 0xd3, 0x1b, 0xbf, 0xad, 0xe8, 0xec, 0x44, 0xb5, 0x4b,
  0xde, 0x15, 0xba, 0x63, 0xda, 0xac, 0x38, 0x72, 0x0e, 0x30, 0x5a, 0xdc,
  0xcd, 0x60, 0xce, 0x87, 0x7f, 0xcb, 0x0f, 0x3b, 0xef, 0xd7, 0x0a, 0x02,
  0x45, 0x05, 0xd1, 0xf3, 0xed, 0x11, 0x41, 0x46, 0x1e, 0x21, 0x12, 0xc8,
  0xf9, 0x09, 0xf7, 0x09, 0xe4, 0x2b, 0xf1, 0x1e, 0x17, 0x28, 0xb4, 0xc1,
  0xf7, 0x1d, 0xdf, 0xc9, 0xe7, 0x14, 0x30, 0x05, 0x72, 0xf0, 0x99, 0x9c,
  0x13, 0x9f, 0xc8, 0xcb, 0x18, 0xbc, 0x28, 0x1e, 0x32, 0xc4, 0xe4, 0x1a,
  0xbd, 0x2d, 0xff, 0xa0, 0x1e, 0x31, 0xee, 0x1c, 0x98, 0x48, 0xdd, 0xb4,
  0xe9, 0x38, 0x2c, 0x7f, 0x53, 0xf0, 0xb0, 0x40, 0x03, 0x5c, 0x99, 0xc0,
  0x01, 0x2c, 0xd6, 0xea, 0xe4, 0xe6, 0x36, 0x23, 0x7e, 0x04, 0xb4, 0x82,
  0xf9, 0xde, 0xa7, 0xd1, 0x45, 0x9f, 0x5c, 0x28, 0x24, 0xb7, 0xd1, 0xe8,
  0xe6, 0x12, 0x09, 0xb0, 0x26, 0xff, 0xd9, 0x07, 0xca, 0x6e, 0xd3, 0xc4,
  0xe3, 0x15, 0x44, 0x7f, 0x24, 0xff, 0xb9, 0x3f, 0x04, 0xed, 0x2e, 0x7f,
  0x1b, 0x24, 0x0b, 0xe5, 0x36, 0x03, 0x3e, 0x0c, 0xe6, 0x00, 0xed, 0xff,
  0x30, 0x07, 0xd4, 0xbc, 0x48, 0xde, 0x60, 0xbe, 0x0d, 0xc6, 0x45, 0x09,
  0x49, 0xf7, 0x02, 0x05, 0x9a, 0xa6, 0x53, 0x11, 0x4a, 0xf0, 0x30, 0xdc,
  0x67, 0x05, 0x9f, 0xef, 0x14, 0x24, 0x43, 0x06, 0x07, 0x24, 0xcc, 0xe5,
  0x05, 0xdd, 0xde, 0x0b, 0xe8, 0x07, 0xed, 0x0b, 0x30, 0xf3, 0x0a, 0xe8,
  0xe7, 0x0f, 0x1b, 0x1d, 0xd9, 0x1f, 0xb6, 0x08, 0xa8, 0xe8, 0xe3, 0xe7,
  0x0a, 0x0d, 0x01, 0x2e, 0x7f, 0x1b, 0x03, 0xed, 0x06, 0x4b, 0x00, 0x41,
  0xf0, 0xcd, 0x48, 0x2c, 0xf4, 0xeb, 0xd4, 0xfb, 0xdb, 0xf5, 0xe9, 0x7f,
  0xe6, 0xe6, 0xd5, 0x22, 0xe1, 0xdb, 0x18, 0x34, 0x02, 0xdf, 0x3f, 0xfe,
  0xe2, 0x5a, 0xdd, 0xb8, 0x3b, 0xe9, 0x1f, 0xec, 0xec, 0xad, 0x27, 0xf9,
  0x38, 0x0b, 0xe9, 0x0b, 0xd7, 0x0b, 0x2c, 0x01, 0x17, 0x2f, 0x16, 0x11,
  0x0c, 0x33, 0xea, 0x29, 0xf1, 0x4f, 0x08, 0x2a, 0xf6, 0x0d, 0xb5, 0xc1,
  0x02, 0xfd, 0xd0, 0x1f, 0xde, 0xe8, 0x06, 0x10, 0x6f, 0x06, 0xdb, 0xb5,
  0xf7, 0xf6, 0xcd, 0xba, 0x2e, 0xc8, 0x1c, 0x1a, 0xee, 0xc8, 0xd7, 0xf9,
  0xca, 0x2a, 0xdf, 0xc4, 0x23, 0x3d, 0xf4, 0x0e, 0xd1, 0x78, 0xc9, 0xbc,
  0xcf, 0x3d, 0x1f, 0x7f, 0x24, 0x00, 0xc0, 0x28, 0x2c, 0x3d, 0xb3, 0xb7,
  0xfd, 0xeb, 0xda, 0x1d, 0xf2, 0xfa, 0xde, 0x02, 0x67, 0xf3, 0xa5, 0xc9,
  0xdd, 0xe3, 0x00, 0x38, 0xe1, 0x12, 0xc5, 0xf4, 0xc5, 0xc9, 0xe0, 0xbf,
  0xcb, 0x2f, 0x0d, 0x06, 0x7f, 0x1f, 0xf6, 0xec, 0xc1, 0x5c, 0xd5, 0x30,
  0xd7, 0xbc, 0x74, 0x61, 0x09, 0xe3, 0xb4, 0x0b, 0x2c, 0x16, 0xbc, 0x32,
  0x17, 0x7f, 0xf9, 0x1c, 0xfb, 0xc7, 0x1d, 0x5a, 0xf6, 0xfd, 0x19, 0xb6,
  0x18, 0xe6, 0x9d, 0xb8, 0xf8, 0xad, 0x74, 0x3c, 0x4e, 0xf3, 0xf5, 0xf9,
  0x25, 0xf9, 0x09, 0xcc, 0xa2, 0xba, 0xfc, 0x41, 0xfd, 0xe6, 0xf9, 0xcf,
  0x23, 0xfe, 0xcd, 0x06, 0x30, 0xfa, 0xf6, 0x0d, 0x33, 0x45, 0xa4, 0x9c,
  0x32, 0xce, 0xd5, 0x12, 0xdf, 0x1e, 0xf3, 0xea, 0x68, 0xda, 0xa2, 0x9c,
  0xde, 0xd5, 0xd4, 0x00, 0x03, 0xd5, 0xe7, 0x1e, 0xfd, 0xaf, 0xd4, 0xff,
  0xc6, 0x5b, 0x11, 0xd3, 0x67, 0xdb, 0xea, 0x09, 0xa8, 0x61, 0xdd, 0x00,
  0xf2, 0xda, 0x7f, 0x66, 0x04, 0xe8, 0x9f, 0x1d, 0x59, 0x4d, 0xff, 0xb4,
  0x44, 0xed, 0x28, 0xd8, 0xe7, 0x21, 0xe1, 0xdf, 0x1b, 0xed, 0xeb, 0xf2,
  0x1a, 0xca, 0x1b, 0x7f, 0xc0, 0x48, 0xa3, 0xfe, 0x12, 0xe1, 0xdd, 0xe7,
  0xc9, 0x27, 0x2c, 0x35, 0x63, 0x44, 0xf7, 0xfd, 0xba, 0x04, 0x07, 0x43,
  0xfc, 0xee, 0x6e, 0xff, 0x09, 0xf0, 0x01, 0xec, 0xf2, 0xc9, 0x7f, 0x51,
  0x05, 0xdc, 0x2b, 0xee, 0x0b, 0x1b, 0x32, 0xdc, 0xfe, 0x3a, 0xf9, 0x63,
  0x21, 0x11, 0x31, 0x3e, 0x15, 0xfd, 0x29, 0xe9, 0xfd, 0xf5, 0x5f, 0xf6,
  0x2d, 0x0e, 0xed, 0x2d, 0x13, 0xfc, 0x47, 0x0c, 0x03, 0x08, 0xf5, 0x3a,
  0x2a, 0x1d, 0xde, 0xff, 0x08, 0x3a, 0x6c, 0xfd, 0x1e, 0x14, 0xca, 0x36,
  0x03, 0x33, 0xda, 0x12, 0xe4, 0xbb, 0xf7, 0x23, 0xb7, 0x29, 0x2b, 0xdc,
  0xf1, 0x01, 0xbc, 0xa8, 0x7f, 0xbc, 0x1f, 0x38, 0x34, 0xe2, 0xf1, 0x12,
  0x39, 0xbf, 0xf6, 0xee, 0xaf, 0xd7, 0x25, 0x34, 0x09, 0xd3, 0x09, 0xf4,
  0x1b, 0xe3, 0xd3, 0xd3, 0xf5, 0xff, 0x02, 0xf5, 0x4d, 0x1b, 0xf6, 0xe4,
  0x7f, 0xe9, 0x50, 0xdb, 0x0d, 0x3f, 0xac, 0xc6, 0xf5, 0xcf, 0x0a, 0xc3,
  0x38, 0xb5, 0x16, 0xdf, 0xe5, 0x0c, 0xc3, 0xef, 0x67, 0xc8, 0xe8, 0xec,
  0xb4, 0x0f, 0x4e, 0x1a, 0xe4, 0x21, 0xec, 0xfd, 0xdf, 0xe7, 0x27, 0x24,
  0x15, 0xd1, 0x22, 0xea, 0x26, 0xb9, 0x9e, 0xe8, 0xf3, 0xf7, 0xe5, 0x10,
  0xe7, 0x21, 0xb7, 0xea, 0xe6, 0x3e, 0x77, 0x07, 0x0a, 0xe1, 0xa4, 0xf0,
  0x1a, 0xbb, 0xd7, 0xe6, 0x33, 0xbb, 0x2e, 0x27, 0xd4, 0xbf, 0xd6, 0x5e,
  0xbe, 0xf2, 0xca, 0xb8, 0xdd, 0x5e, 0xb5, 0xee, 0xc9, 0x1a, 0xd5, 0xef,
  0xfa, 0x6a, 0xcd, 0x7f, 0x5a, 0x1e, 0xee, 0x3d, 0x1b, 0x44, 0x9b, 0xb2,
  0x20, 0xdd, 0xd3, 0xe3, 0xe2, 0xf7, 0xce, 0x15, 0x5c, 0x06, 0xe2, 0xb9,
  0xe3, 0xe3, 0xf3, 0x11, 0xf5, 0x0b, 0xd1, 0x1d, 0xcc, 0xcd, 0xd6, 0xe8,
  0xe1, 0x13, 0xef, 0x05, 0x7f, 0x39, 0xed, 0xab, 0x9f, 0x7f, 0xd9, 0xff,
  0xe2, 0x01, 0x59, 0x66, 0x02, 0xd4, 0xa9, 0xf9, 0x27, 0x20, 0xfe, 0xc7,
  0x00, 0xd8, 0xfd, 0xeb, 0xfe, 0x27, 0x2c, 0xee, 0x4e, 0xf9, 0xbe, 0xd8,
  0x0b, 0xb6, 0xfb, 0x32, 0xe8, 0xf1, 0xf2, 0x0c, 0x16, 0xe1, 0xfa, 0xf6,
  0xbf, 0x32, 0x0d, 0xe6, 0x3a, 0x26, 0xed, 0xfe, 0x81, 0x38, 0xe8, 0xf0,
  0xef, 0x14, 0x16, 0x4e, 0x27, 0xf1, 0xd9, 0x0f, 0xec, 0xfe, 0x37, 0x03,
  0x0b, 0x09, 0xf3, 0xfd, 0xdd, 0x02, 0xfd, 0x17, 0x0a, 0x1a, 0x2b, 0x3a,
  0x01, 0x18, 0x4b, 0x3a, 0xee, 0x26, 0xda, 0xfa, 0xd2, 0xfb, 0xfd, 0xf0,
  0x09, 0x2a, 0xdc, 0x50, 0x7f, 0x2c, 0x11, 0xfc, 0x29, 0x2f, 0xf6, 0x54,
  0xeb, 0xf7, 0x27, 0x0e, 0xf7, 0xfc, 0x1a, 0x00, 0xe4, 0xdd, 0x7f, 0x49,
  0xfe, 0xec, 0x28, 0xf4, 0x13, 0x30, 0x31, 0xff, 0x14, 0x1d, 0xf9, 0x66,
  0x2a, 0xff, 0x29, 0x39, 0xfd, 0xec, 0x2f, 0xd1, 0xe1, 0xfa, 0x54, 0x4e,
  0x2b, 0x09, 0xe2, 0x51, 0x32, 0xee, 0x31, 0x0f, 0xf7, 0x2d, 0xc8, 0x21,
  0x3c, 0x0d, 0xcf, 0x15, 0x23, 0x39, 0x7f, 0x2e, 0x04, 0xce, 0x7f, 0x1d,
  0x02, 0x04, 0x56, 0x01, 0x3d, 0x23, 0x34, 0xf2, 0xef, 0x18, 0xed, 0x56,
  0x3a, 0xfd, 0x29, 0x2a, 0x04, 0x06, 0x1c, 0xdd, 0xfc, 0xe3, 0x32, 0x01,
  0x1a, 0xfe, 0xf3, 0x34, 0xef, 0xf7, 0x1f, 0x20, 0x13, 0xf3, 0x25, 0x16,
  0x33, 0x18, 0xcb, 0xf8, 0x19, 0x13, 0x52, 0xfa, 0xe4, 0xda, 0x7f, 0xdd,
  0xf9, 0xef, 0x28, 0xdf, 0xfa, 0x5d, 0x2d, 0xdc, 0x25, 0xfa, 0x93, 0x2e,
  0x4a, 0xa9, 0x37, 0x73, 0xde, 0x25, 0x00, 0xe4, 0xed, 0x03, 0x2c, 0x28,
  0xb2, 0x1c, 0xbd, 0x4e, 0x57, 0x68, 0x20, 0x00, 0x99, 0x24, 0xf1, 0x25,
  0xfd, 0x4b, 0xbf, 0x3f, 0x59, 0x21, 0x5c, 0x53, 0x29, 0xed, 0x1c, 0xf2,
  0x14, 0x2f, 0x7f, 0xd5, 0x49, 0x31, 0xe9, 0xeb, 0xf3, 0xfd, 0xfc, 0x02,
  0x6a, 0xc2, 0x09, 0xdb, 0xbb, 0xdd, 0x21, 0xf8, 0x6c, 0xec, 0x18, 0xfb,
  0xe7, 0xf1, 0x12, 0xed, 0xb6, 0xf1, 0x01, 0x03, 0x0f, 0xf0, 0x2b, 0xca,
  0x22, 0x0b, 0xe8, 0xf5, 0x4c, 0xed, 0x00, 0xf3, 0xf7, 0xf8, 0x49, 0x02,
  0x07, 0xf4, 0x02, 0xec, 0xea, 0x06, 0xfe, 0x12, 0x03, 0x30, 0x29, 0x37,
  0x0d, 0x12, 0x62, 0x2c, 0xdf, 0x1d, 0xe4, 0x02, 0xe4, 0xee, 0x0a, 0xf5,
  0xf9, 0x20, 0xec, 0x51, 0x7f, 0x38, 0x10, 0x15, 0x28, 0x0a, 0x00, 0x61,
  0xe4, 0x08, 0x1a, 0xf6, 0xef, 0x15, 0x29, 0xfc, 0xea, 0x1d, 0xca, 0x64,
  0xce, 0x06, 0xc1, 0x43, 0xe2, 0xc2, 0x22, 0x32, 0x9e, 0x4f, 0x61, 0x0b,
  0xc1, 0x7d, 0xdb, 0xa4, 0x7f, 0xf6, 0xe4, 0x37, 0xd6, 0xff, 0x10, 0x17,
  0x4a, 0xec, 0xcc, 0x0e, 0xfd, 0x18, 0x18, 0x13, 0x25, 0xc5, 0x1d, 0x0f,
  0x06, 0x1c, 0x09, 0xde, 0xd2, 0x26, 0xce, 0x00, 0x09, 0x01, 0xfa, 0x7f,
  0x15, 0x09, 0xfb, 0x01, 0x35, 0xf5, 0x00, 0xe7, 0xe1, 0xf9, 0x08, 0xea,
  0x16, 0x10, 0xc1, 0xb9, 0x57, 0xc4, 0x6d, 0xff, 0x2a, 0xe2, 0x1b, 0x1a,
  0x43, 0xee, 0xf7, 0xf0, 0xaf, 0xac, 0x53, 0x21, 0x33, 0xee, 0x44, 0xdd,
  0x63, 0x09, 0xb9, 0xdb, 0xe1, 0x2e, 0x2d, 0x09, 0xff, 0xeb, 0xf7, 0x66,
  0xeb, 0xeb, 0xc7, 0x29, 0xd6, 0xd6, 0x35, 0x27, 0xb7, 0x07, 0x5d, 0x28,
  0xcd, 0x7f, 0x0a, 0xc3, 0x30, 0x01, 0xdf, 0x07, 0xd6, 0xd6, 0x29, 0x00,
  0x48, 0x19, 0xe0, 0x28, 0xfe, 0x00, 0x53, 0x20, 0x43, 0xbb, 0xda, 0x28,
  0x0a, 0x19, 0x0f, 0xe2, 0xd6, 0x28, 0xe4, 0xfc, 0x2a, 0xf4, 0x23, 0xcf,
  0x48, 0xed, 0x30, 0xf8, 0x1c, 0x18, 0xe6, 0xeb, 0xef, 0x00, 0x04, 0xfb,
  0x20, 0xe5, 0x60, 0x2c, 0xdf, 0x3c, 0xb6, 0xe4, 0x2b, 0xe2, 0xdd, 0xe9,
  0xcb, 0x2d, 0x4b, 0x33, 0x17, 0x35, 0xe7, 0xeb, 0xef, 0xe4, 0x2c, 0x7f,
  0xfe, 0xcd, 0x34, 0xdb, 0xeb, 0xdd, 0xe2, 0xf5, 0x01, 0x1b, 0x1d, 0xfb,
  0x08, 0xfe, 0xe4, 0x1c, 0xe1, 0x0a, 0xe5, 0x09, 0x09, 0xfb, 0x33, 0x23,
  0xf6, 0x1b, 0x33, 0x2f, 0xf1, 0x2b, 0xc3, 0x00, 0xd3, 0xe5, 0xd3, 0xee,
  0x04, 0x19, 0xf2, 0x43, 0x7f, 0x1c, 0x15, 0xea, 0x19, 0x19, 0x0a, 0x6e,
  0xe0, 0xc6, 0x45, 0xfc, 0xf1, 0xe8, 0x06, 0xfa, 0x56, 0xfd, 0xff, 0xff,
  0x04, 0x00, 0x00, 0x00, 0xc0, 0x00, 0x00, 0x00, 0x4d, 0xfa, 0xff, 0xff,
  0xd9, 0xea, 0xff, 0xff, 0xd9, 0x28, 0x00, 0x00, 0x76, 0x22, 0x00, 0x00,
  0xc3, 0x19, 0x00, 0x00, 0x25, 0x04, 0x00, 0x00, 0x8f, 0xce, 0xff, 0xff,
  0x91, 0x16, 0x00, 0x00, 0x1a, 0x12, 0x00, 0x00, 0x5e, 0xde, 0xff, 0xff,
  0xd3, 0x02, 0x00, 0x00, 0x50, 0x13, 0x00, 0x00, 0x1d, 0xfb, 0xff, 0xff,
  0xcf, 0xd9, 0xff, 0xff, 0x8a, 0xf7, 0xff, 0xff, 0x37, 0xd6, 0xff, 0xff,
  0x58, 0x06, 0x00, 0x00, 0x32, 0x1d, 0x00, 0x00, 0x2d, 0xe4, 0xff, 0xff,
  0xa3, 0x03, 0x00, 0x00, 0xcd, 0xf7, 0xff, 0xff, 0x78, 0x13, 0x00, 0x00,
  0x89, 0x0f, 0x00, 0x00, 0x95, 0xf1, 0xff, 0xff, 0x0d, 0xf9, 0xff, 0xff,
  0xb4, 0xef, 0xff, 0xff, 0x7b, 0x0d, 0x00, 0x00, 0xe8, 0x0b, 0x00, 0x00,
  0xa4, 0x0a, 0x00, 0x00, 0x5a, 0x14, 0x00, 0x00, 0x39, 0xf3, 0xff, 0xff,
  0x20, 0xce, 0xff, 0xff, 0x58, 0x10, 0x00, 0x00, 0xa1, 0x11, 0x00, 0x00,
  0x0b, 0x06, 0x00, 0x00, 0x5c, 0x0c, 0x00, 0x00, 0x18, 0x04, 0x00, 0x00,
  0xdc, 0xdc, 0xff, 0xff, 0xe0, 0xcb, 0xff, 0xff, 0xd8, 0xdb, 0xff, 0xff,
  0x65, 0xdb, 0xff, 0xff, 0x10, 0x02, 0x00, 0x00, 0x7a, 0xd9, 0xff, 0xff,
  0x4d, 0xf6, 0xff, 0xff, 0xb9, 0xf6, 0xff, 0xff, 0x3a, 0xef, 0xff, 0xff,
  0xb6, 0xf7, 0xff, 0xff, 0x8a, 0xe8, 0xff, 0xff, 0x22, 0xfe, 0xff, 0xff,
  0x04, 0x00, 0x00, 0x00, 0xf0, 0x00, 0x00, 0x00, 0x00, 0x1e, 0xf7, 0xd8,
  0x09, 0xc3, 0x2b, 0xc5, 0x13, 0x08, 0xf0, 0xc2, 0x8e, 0x25, 0x39, 0x32,
  0x0d, 0xf5, 0x40, 0x1c, 0x81, 0xe9, 0xc2, 0xf7, 0xfd, 0xc2, 0xbd, 0x0d,
  0xb9, 0xe7, 0x21, 0x33, 0xab, 0x26, 0xe4, 0xed, 0x12, 0x34, 0x41, 0x2b,
  0x3e, 0x32, 0x39, 0xbf, 0xe8, 0xd8, 0x2d, 0x2a, 0x50, 0x1b, 0xbc, 0x85,
  0xb6, 0x34, 0x42, 0x81, 0xea, 0xf6, 0x41, 0x38, 0x2e, 0x4d, 0xd9, 0x42,
  0xb6, 0xb2, 0x34, 0xe4, 0x17, 0xb5, 0xd1, 0x4e, 0xd6, 0x3b, 0x9f, 0xd0,
  0x24, 0xa9, 0x9e, 0x50, 0x10, 0xf6, 0xc7, 0xb1, 0x99, 0x21, 0x53, 0x36,
  0xd5, 0x35, 0x1f, 0x29, 0x4e, 0x44, 0xf2, 0x05, 0x28, 0x18, 0x45, 0x37,
  0x1c, 0xdf, 0xa1, 0x09, 0x29, 0x81, 0x37, 0x37, 0xf8, 0xb1, 0x31, 0x1a,
  0x01, 0x24, 0xf1, 0x12, 0xde, 0x32, 0x23, 0x10, 0xc1, 0xd2, 0xf7, 0x11,
  0x3e, 0x10, 0xff, 0xca, 0xf5, 0x32, 0x0e, 0xfb, 0x28, 0x90, 0xfb, 0xfe,
  0x10, 0x49, 0xa3, 0xdf, 0x08, 0xc4, 0x15, 0x88, 0xa6, 0xa1, 0x3a, 0xf7,
  0x3f, 0x33, 0xa4, 0xc4, 0xfb, 0x0a, 0x9d, 0x11, 0x2e, 0x35, 0xa8, 0x81,
  0xfa, 0x0a, 0x25, 0x40, 0x0f, 0x08, 0x27, 0xaf, 0x3d, 0xd2, 0xe7, 0x43,
  0xf1, 0x35, 0x1f, 0x8a, 0xf7, 0x36, 0xaa, 0x30, 0x03, 0x2b, 0x99, 0x89,
  0x86, 0x03, 0x29, 0x24, 0xce, 0x28, 0x3d, 0x55, 0x25, 0xae, 0x9a, 0x1c,
  0xb2, 0xf3, 0x04, 0x0e, 0x86, 0xff, 0xa6, 0xca, 0x2f, 0xf4, 0xa5, 0x02,
  0x81, 0x29, 0xb5, 0x9b, 0x13, 0x36, 0x32, 0xce, 0x2a, 0x26, 0x23, 0x3c,
  0x01, 0x2f, 0xd3, 0xdf, 0xce, 0x82, 0x26, 0x33, 0x30, 0x17, 0x21, 0xa1,
  0x1e, 0x8a, 0xfe, 0xfe, 0xbe, 0x05, 0x90, 0x01, 0x1e, 0xff, 0xff, 0xff,
  0x04, 0x00, 0x00, 0x00, 0x14, 0x00, 0x00, 0x00, 0x7f, 0xf9, 0xff, 0xff,
  0xd7, 0xf9, 0xff, 0xff, 0x7d, 0xff, 0xff, 0xff, 0xad, 0x03, 0x00, 0x00,
  0x29, 0x09, 0x00, 0x00, 0x3e, 0xff, 0xff, 0xff, 0x04, 0x00, 0x00, 0x00,
  0x08, 0x00, 0x00, 0x00, 0x01, 0x00, 0x00, 0x00, 0x02, 0x00, 0x00, 0x00,
  0x20, 0xc7, 0xff, 0xff, 0x24, 0xc7, 0xff, 0xff, 0x0f, 0x00, 0x00, 0x00,
  0x4d, 0x4c, 0x49, 0x52, 0x20, 0x43, 0x6f, 0x6e, 0x76, 0x65, 0x72, 0x74,
  0x65, 0x64, 0x2e, 0x00, 0x01, 0x00, 0x00, 0x00, 0x14, 0x00, 0x00, 0x00,
  0x00, 0x00, 0x0e, 0x00, 0x18, 0x00, 0x14, 0x00, 0x10, 0x00, 0x0c, 0x00,
  0x08, 0x00, 0x04, 0x00, 0x0e, 0x00, 0x00, 0x00, 0x14, 0x00, 0x00, 0x00,
  0x1c, 0x00, 0x00, 0x00, 0x1c, 0x04, 0x00, 0x00, 0x20, 0x04, 0x00, 0x00,
  0x24, 0x04, 0x00, 0x00, 0x04, 0x00, 0x00, 0x00, 0x6d, 0x61, 0x69, 0x6e,
  0x00, 0x00, 0x00, 0x00, 0x0e, 0x00, 0x00, 0x00, 0xb8, 0x03, 0x00, 0x00,
  0x54, 0x03, 0x00, 0x00, 0xec, 0x02, 0x00, 0x00, 0xac, 0x02, 0x00, 0x00,
  0x68, 0x02, 0x00, 0x00, 0x10, 0x02, 0x00, 0x00, 0xd0, 0x01, 0x00, 0x00,
  0x8c, 0x01, 0x00, 0x00, 0x44, 0x01, 0x00, 0x00, 0xfc, 0x00, 0x00, 0x00,
  0xac, 0x00, 0x00, 0x00, 0x78, 0x00, 0x00, 0x00, 0x40, 0x00, 0x00, 0x00,
  0x04, 0x00, 0x00, 0x00, 0xee, 0xfc, 0xff, 0xff, 0x1c, 0x00, 0x00, 0x00,
  0x00, 0x00, 0x00, 0x09, 0x1c, 0x00, 0x00, 0x00, 0x20, 0x00, 0x00, 0x00,
  0x06, 0x00, 0x00, 0x00, 0x00, 0x00, 0x06, 0x00, 0x08, 0x00, 0x04, 0x00,
  0x06, 0x00, 0x00, 0x00, 0x00, 0x00, 0x80, 0x3f, 0x01, 0x00, 0x00, 0x00,
  0x1f, 0x00, 0x00, 0x00, 0x01, 0x00, 0x00, 0x00, 0x1e, 0x00, 0x00, 0x00,
  0x06, 0xfe, 0xff, 0xff, 0x14, 0x00, 0x00, 0x00, 0x00, 0x00, 0x00, 0x08,
  0x10, 0x00, 0x00, 0x00, 0x14, 0x00, 0x00, 0x00, 0x05, 0x00, 0x00, 0x00,
  0x04, 0xc8, 0xff, 0xff, 0x01, 0x00, 0x00, 0x00, 0x1e, 0x00, 0x00, 0x00,
  0x03, 0x00, 0x00, 0x00, 0x1d, 0x00, 0x00, 0x00, 0x03, 0x00, 0x00, 0x00,
  0x02, 0x00, 0x00, 0x00, 0x3a, 0xfe, 0xff, 0xff, 0x14, 0x00, 0x00, 0x00,
  0x00, 0x00, 0x00, 0x1b, 0x10, 0x00, 0x00, 0x00, 0x14, 0x00, 0x00, 0x00,
  0x04, 0x00, 0x00, 0x00, 0x38, 0xc8, 0xff, 0xff, 0x01, 0x00, 0x00, 0x00,
  0x1d, 0x00, 0x00, 0x00, 0x02, 0x00, 0x00, 0x00, 0x1c, 0x00, 0x00, 0x00,
  0x01, 0x00, 0x00, 0x00, 0x8a, 0xfd, 0xff, 0xff, 0x1c, 0x00, 0x00, 0x00,
  0x00, 0x00, 0x00, 0x0b, 0x1c, 0x00, 0x00, 0x00, 0x20, 0x00, 0x00, 0x00,
  0x03, 0x00, 0x00, 0x00, 0x00, 0x00, 0x06, 0x00, 0x08, 0x00, 0x07, 0x00,
  0x06, 0x00, 0x00, 0x00, 0x00, 0x00, 0x00, 0x01, 0x01, 0x00, 0x00, 0x00,
  0x1c, 0x00, 0x00, 0x00, 0x02, 0x00, 0x00, 0x00, 0x19, 0x00, 0x00, 0x00,
  0x1b, 0x00, 0x00, 0x00, 0x00, 0x00, 0x0e, 0x00, 0x16, 0x00, 0x00, 0x00,
  0x10, 0x00, 0x0c, 0x00, 0x0b, 0x00, 0x04, 0x00, 0x0e, 0x00, 0x00, 0x00,
  0x1c, 0x00, 0x00, 0x00, 0x00, 0x00, 0x00, 0x01, 0x20, 0x00, 0x00, 0x00,
  0x24, 0x00, 0x00, 0x00, 0x00, 0x00, 0x0a, 0x00, 0x0c, 0x00, 0x00, 0x00,
  0x08, 0x00, 0x04, 0x00, 0x0a, 0x00, 0x00, 0x00, 0x01, 0x00, 0x00, 0x00,
  0x01, 0x00, 0x00, 0x00, 0x01, 0x00, 0x00, 0x00, 0x1b, 0x00, 0x00, 0x00,
  0x03, 0x00, 0x00, 0x00, 0x1a, 0x00, 0x00, 0x00, 0x05, 0x00, 0x00, 0x00,
  0x04, 0x00, 0x00, 0x00, 0xfa, 0xfe, 0xff, 0xff, 0x14, 0x00, 0x00, 0x00,
  0x00, 0x00, 0x00, 0x02, 0x20, 0x00, 0x00, 0x00, 0x24, 0x00, 0x00, 0x00,
  0x02, 0x00, 0x00, 0x00, 0x6e, 0xfe, 0xff, 0xff, 0x00, 0x00, 0x00, 0x01,
  0x01, 0x00, 0x00, 0x00, 0x01, 0x00, 0x00, 0x00, 0x01, 0x00, 0x00, 0x00,
  0x01, 0x00, 0x00, 0x00, 0x1a, 0x00, 0x00, 0x00, 0x03, 0x00, 0x00, 0x00,
  0x19, 0x00, 0x00, 0x00, 0x07, 0x00, 0x00, 0x00, 0x06, 0x00, 0x00, 0x00,
  0x3e, 0xff, 0xff, 0xff, 0x14, 0x00, 0x00, 0x00, 0x00, 0x00, 0x00, 0x05,
  0x24, 0x00, 0x00, 0x00, 0x28, 0x00, 0x00, 0x00, 0x01, 0x00, 0x00, 0x00,
  0x4e, 0xfe, 0xff, 0xff, 0x02, 0x00, 0x00, 0x00, 0x02, 0x00, 0x00, 0x00,
  0x02, 0x00, 0x00, 0x00, 0x02, 0x00, 0x00, 0x00, 0x00, 0x00, 0x00, 0x01,
  0x01, 0x00, 0x00, 0x00, 0x19, 0x00, 0x00, 0x00, 0x01, 0x00, 0x00, 0x00,
  0x18, 0x00, 0x00, 0x00, 0x3e, 0xfe, 0xff, 0xff, 0x10, 0x00, 0x00, 0x00,
  0x00, 0x00, 0x00, 0x01, 0x18, 0x00, 0x00, 0x00, 0x1c, 0x00, 0x00, 0x00,
  0x30, 0xfe, 0xff, 0xff, 0x00, 0x00, 0x00, 0x01, 0x01, 0x00, 0x00, 0x00,
  0x01, 0x00, 0x00, 0x00, 0x01, 0x00, 0x00, 0x00, 0x18, 0x00, 0x00, 0x00,
  0x03, 0x00, 0x00, 0x00, 0x17, 0x00, 0x00, 0x00, 0x09, 0x00, 0x00, 0x00,
  0x08, 0x00, 0x00, 0x00, 0xba, 0xff, 0xff, 0xff, 0x14, 0x00, 0x00, 0x00,
  0x00, 0x00, 0x00, 0x02, 0x20, 0x00, 0x00, 0x00, 0x24, 0x00, 0x00, 0x00,
  0x02, 0x00, 0x00, 0x00, 0x2e, 0xff, 0xff, 0xff, 0x00, 0x00, 0x00, 0x01,
  0x01, 0x00, 0x00, 0x00, 0x01, 0x00, 0x00, 0x00, 0x01, 0x00, 0x00, 0x00,
  0x01, 0x00, 0x00, 0x00, 0x17, 0x00, 0x00, 0x00, 0x03, 0x00, 0x00, 0x00,
  0x16, 0x00, 0x00, 0x00, 0x0b, 0x00, 0x00, 0x00, 0x0a, 0x00, 0x00, 0x00,
  0x00, 0x00, 0x0e, 0x00, 0x18, 0x00, 0x14, 0x00, 0x10, 0x00, 0x0c, 0x00,
  0x0b, 0x00, 0x04, 0x00, 0x0e, 0x00, 0x00, 0x00, 0x14, 0x00, 0x00, 0x00,
  0x00, 0x00, 0x00, 0x05, 0x24, 0x00, 0x00, 0x00, 0x28, 0x00, 0x00, 0x00,
  0x01, 0x00, 0x00, 0x00, 0x1e, 0xff, 0xff, 0xff, 0x02, 0x00, 0x00, 0x00,
  0x02, 0x00, 0x00, 0x00, 0x02, 0x00, 0x00, 0x00, 0x02, 0x00, 0x00, 0x00,
  0x00, 0x00, 0x00, 0x01, 0x01, 0x00, 0x00, 0x00, 0x16, 0x00, 0x00, 0x00,
  0x01, 0x00, 0x00, 0x00, 0x15, 0x00, 0x00, 0x00, 0x0e, 0xff, 0xff, 0xff,
  0x10, 0x00, 0x00, 0x00, 0x00, 0x00, 0x00, 0x01, 0x18, 0x00, 0x00, 0x00,
  0x1c, 0x00, 0x00, 0x00, 0x00, 0xff, 0xff, 0xff, 0x00, 0x00, 0x00, 0x01,
  0x01, 0x00, 0x00, 0x00, 0x01, 0x00, 0x00, 0x00, 0x01, 0x00, 0x00, 0x00,
  0x15, 0x00, 0x00, 0x00, 0x03, 0x00, 0x00, 0x00, 0x14, 0x00, 0x00, 0x00,
  0x0d, 0x00, 0x00, 0x00, 0x0c, 0x00, 0x00, 0x00, 0xaa, 0xff, 0xff, 0xff,
  0x24, 0x00, 0x00, 0x00, 0x00, 0x00, 0x00, 0x02, 0x30, 0x00, 0x00, 0x00,
  0x34, 0x00, 0x00, 0x00, 0x02, 0x00, 0x00, 0x00, 0x00, 0x00, 0x0e, 0x00,
  0x14, 0x00, 0x00, 0x00, 0x10, 0x00, 0x0c, 0x00, 0x08, 0x00, 0x07, 0x00,
  0x0e, 0x00, 0x00, 0x00, 0x00, 0x00, 0x00, 0x01, 0x01, 0x00, 0x00, 0x00,
  0x01, 0x00, 0x00, 0x00, 0x01, 0x00, 0x00, 0x00, 0x01, 0x00, 0x00, 0x00,
  0x14, 0x00, 0x00, 0x00, 0x03, 0x00, 0x00, 0x00, 0x13, 0x00, 0x00, 0x00,
  0x0f, 0x00, 0x00, 0x00, 0x0e, 0x00, 0x00, 0x00, 0x00, 0x00, 0x0e, 0x00,
  0x1a, 0x00, 0x14, 0x00, 0x10, 0x00, 0x0c, 0x00, 0x0b, 0x00, 0x04, 0x00,
  0x0e, 0x00, 0x00, 0x00, 0x24, 0x00, 0x00, 0x00, 0x00, 0x00, 0x00, 0x05,
  0x34, 0x00, 0x00, 0x00, 0x38, 0x00, 0x00, 0x00, 0x01, 0x00, 0x00, 0x00,
  0x00, 0x00, 0x0e, 0x00, 0x18, 0x00, 0x17, 0x00, 0x10, 0x00, 0x0c, 0x00,
  0x08, 0x00, 0x04, 0x00, 0x0e, 0x00, 0x00, 0x00, 0x01, 0x00, 0x00, 0x00,
  0x02, 0x00, 0x00, 0x00, 0x01, 0x00, 0x00, 0x00, 0x02, 0x00, 0x00, 0x00,
  0x00, 0x00, 0x00, 0x01, 0x01, 0x00, 0x00, 0x00, 0x13, 0x00, 0x00, 0x00,
  0x01, 0x00, 0x00, 0x00, 0x12, 0x00, 0x00, 0x00, 0x00, 0x00, 0x0e, 0x00,
  0x14, 0x00, 0x00, 0x00, 0x10, 0x00, 0x0c, 0x00, 0x0b, 0x00, 0x04, 0x00,
  0x0e, 0x00, 0x00, 0x00, 0x1c, 0x00, 0x00, 0x00, 0x00, 0x00, 0x00, 0x01,
  0x24, 0x00, 0x00, 0x00, 0x28, 0x00, 0x00, 0x00, 0x0c, 0x00, 0x10, 0x00,
  0x00, 0x00, 0x0c, 0x00, 0x08, 0x00, 0x07, 0x00, 0x0c, 0x00, 0x00, 0x00,
  0x00, 0x00, 0x00, 0x01, 0x01, 0x00, 0x00, 0x00, 0x01, 0x00, 0x00, 0x00,
  0x01, 0x00, 0x00, 0x00, 0x12, 0x00, 0x00, 0x00, 0x03, 0x00, 0x00, 0x00,
  0x00, 0x00, 0x00, 0x00, 0x11, 0x00, 0x00, 0x00, 0x10, 0x00, 0x00, 0x00,
  0x01, 0x00, 0x00, 0x00, 0x1f, 0x00, 0x00, 0x00, 0x01, 0x00, 0x00, 0x00,
  0x00, 0x00, 0x00, 0x00, 0x20, 0x00, 0x00, 0x00, 0xec, 0x34, 0x00, 0x00,
  0x50, 0x34, 0x00, 0x00, 0x88, 0x33, 0x00, 0x00, 0xd4, 0x32, 0x00, 0x00,
  0x98, 0x2f, 0x00, 0x00, 0xd4, 0x2c, 0x00, 0x00, 0xe0, 0x28, 0x00, 0x00,
  0x74, 0x25, 0x00, 0x00, 0xf8, 0x21, 0x00, 0x00, 0x34, 0x1f, 0x00, 0x00,
  0x60, 0x1c, 0x00, 0x00, 0x28, 0x1a, 0x00, 0x00, 0xe0, 0x17, 0x00, 0x00,
  0x3c, 0x16, 0x00, 0x00, 0xf8, 0x13, 0x00, 0x00, 0x58, 0x12, 0x00, 0x00,
  0xa8, 0x10, 0x00, 0x00, 0x94, 0x0f, 0x00, 0x00, 0x40, 0x0e, 0x00, 0x00,
  0x94, 0x0d, 0x00, 0x00, 0xb0, 0x0b, 0x00, 0x00, 0x54, 0x0a, 0x00, 0x00,
  0xa8, 0x09, 0x00, 0x00, 0xc4, 0x07, 0x00, 0x00, 0x68, 0x06, 0x00, 0x00,
  0xbc, 0x05, 0x00, 0x00, 0xd8, 0x03, 0x00, 0x00, 0xac, 0x02, 0x00, 0x00,
  0xe8, 0x01, 0x00, 0x00, 0x4c, 0x01, 0x00, 0x00, 0x80, 0x00, 0x00, 0x00,
  0x04, 0x00, 0x00, 0x00, 0xaa, 0xcb, 0xff, 0xff, 0x00, 0x00, 0x00, 0x01,
  0x18, 0x00, 0x00, 0x00, 0x20, 0x00, 0x00, 0x00, 0x3c, 0x00, 0x00, 0x00,
  0x20, 0x00, 0x00, 0x00, 0x00, 0x00, 0x00, 0x09, 0x50, 0x00, 0x00, 0x00,
  0x02, 0x00, 0x00, 0x00, 0xff, 0xff, 0xff, 0xff, 0x05, 0x00, 0x00, 0x00,
  0x8c, 0xcb, 0xff, 0xff, 0x08, 0x00, 0x00, 0x00, 0x10, 0x00, 0x00, 0x00,
  0x01, 0x00, 0x00, 0x00, 0x80, 0xff, 0xff, 0xff, 0xff, 0xff, 0xff, 0xff,
  0x01, 0x00, 0x00, 0x00, 0x00, 0x00, 0x80, 0x3b, 0x1b, 0x00, 0x00, 0x00,
  0x53, 0x74, 0x61, 0x74, 0x65, 0x66, 0x75, 0x6c, 0x50, 0x61, 0x72, 0x74,
  0x69, 0x74, 0x69, 0x6f, 0x6e, 0x65, 0x64, 0x43, 0x61, 0x6c, 0x6c, 0x5f,
  0x31, 0x3a, 0x30, 0x00, 0x02, 0x00, 0x00, 0x00, 0x01, 0x00, 0x00, 0x00,
  0x05, 0x00, 0x00, 0x00, 0x22, 0xcc, 0xff, 0xff, 0x00, 0x00, 0x00, 0x01,
  0x18, 0x00, 0x00, 0x00, 0x20, 0x00, 0x00, 0x00, 0x40, 0x00, 0x00, 0x00,
  0x1f, 0x00, 0x00, 0x00, 0x00, 0x00, 0x00, 0x09, 0xa0, 0x00, 0x00, 0x00,
  0x02, 0x00, 0x00, 0x00, 0xff, 0xff, 0xff, 0xff, 0x05, 0x00, 0x00, 0x00,
  0x04, 0xcc, 0xff, 0xff, 0x08, 0x00, 0x00, 0x00, 0x14, 0x00, 0x00, 0x00,
  0x01, 0x00, 0x00, 0x00, 0x2b, 0x00, 0x00, 0x00, 0x00, 0x00, 0x00, 0x00,
  0x00, 0x00, 0x00, 0x00, 0x01, 0x00, 0x00, 0x00, 0xc5, 0x58, 0xd5, 0x3d,
  0x64, 0x00, 0x00, 0x00, 0x45, 0x64, 0x67, 0x65, 0x41, 0x75, 0x64, 0x69,
  0x6f, 0x52, 0x65, 0x73, 0x44, 0x53, 0x43, 0x4e, 0x4e, 0x5f, 0x43, 0x6f,
  0x6d, 0x70, 0x61, 0x63, 0x74, 0x5f, 0x31, 0x2f, 0x6f, 0x75, 0x74, 0x70,
  0x75, 0x74, 0x5f, 0x70, 0x72, 0x6f, 0x62, 0x73, 0x5f, 0x31, 0x2f, 0x4d,
  0x61, 0x74, 0x4d, 0x75, 0x6c, 0x3b, 0x45, 0x64, 0x67, 0x65, 0x41, 0x75,
  0x64, 0x69, 0x6f, 0x52, 0x65, 0x73, 0x44, 0x53, 0x43, 0x4e, 0x4e, 0x5f,
  0x43, 0x6f, 0x6d, 0x70, 0x61, 0x63, 0x74, 0x5f, 0x31, 0x2f, 0x6f, 0x75,
  0x74, 0x70, 0x75, 0x74, 0x5f, 0x70, 0x72, 0x6f, 0x62, 0x73, 0x5f, 0x31,
  0x2f, 0x42, 0x69, 0x61, 0x73, 0x41, 0x64, 0x64, 0x00, 0x00, 0x00, 0x00,
  0x02, 0x00, 0x00, 0x00, 0x01, 0x00, 0x00, 0x00, 0x05, 0x00, 0x00, 0x00,
  0xea, 0xcc, 0xff, 0xff, 0x00, 0x00, 0x00, 0x01, 0x18, 0x00, 0x00, 0x00,
  0x20, 0x00, 0x00, 0x00, 0x3c, 0x00, 0x00, 0x00, 0x1e, 0x00, 0x00, 0x00,
  0x00, 0x00, 0x00, 0x09, 0x70, 0x00, 0x00, 0x00, 0x02, 0x00, 0x00, 0x00,
  0xff, 0xff, 0xff, 0xff, 0x30, 0x00, 0x00, 0x00, 0xcc, 0xcc, 0xff, 0xff,
  0x08, 0x00, 0x00, 0x00, 0x10, 0x00, 0x00, 0x00, 0x01, 0x00, 0x00, 0x00,
  0x80, 0xff, 0xff, 0xff, 0xff, 0xff, 0xff, 0xff, 0x01, 0x00, 0x00, 0x00,
  0x4f, 0x42, 0x61, 0x3c, 0x3b, 0x00, 0x00, 0x00, 0x45, 0x64, 0x67, 0x65,
  0x41, 0x75, 0x64, 0x69, 0x6f, 0x52, 0x65, 0x73, 0x44, 0x53, 0x43, 0x4e,
  0x4e, 0x5f, 0x43, 0x6f, 0x6d, 0x70, 0x61, 0x63, 0x74, 0x5f, 0x31, 0x2f,
  0x67, 0x6c, 0x6f, 0x62, 0x61, 0x6c, 0x5f, 0x61, 0x76, 0x65, 0x72, 0x61,
  0x67, 0x65, 0x5f, 0x70, 0x6f, 0x6f, 0x6c, 0x69, 0x6e, 0x67, 0x32, 0x64,
  0x5f, 0x31, 0x2f, 0x4d, 0x65, 0x61, 0x6e, 0x00, 0x02, 0x00, 0x00, 0x00,
  0x01, 0x00, 0x00, 0x00, 0x30, 0x00, 0x00, 0x00, 0x82, 0xcd, 0xff, 0xff,
  0x00, 0x00, 0x00, 0x01, 0x18, 0x00, 0x00, 0x00, 0x28, 0x00, 0x00, 0x00,
  0x44, 0x00, 0x00, 0x00, 0x1d, 0x00, 0x00, 0x00, 0x00, 0x00, 0x00, 0x09,
  0x90, 0x00, 0x00, 0x00, 0x04, 0x00, 0x00, 0x00, 0xff, 0xff, 0xff, 0xff,
  0x10, 0x00, 0x00, 0x00, 0x0c, 0x00, 0x00, 0x00, 0x30, 0x00, 0x00, 0x00,
  0x6c, 0xcd, 0xff, 0xff, 0x08, 0x00, 0x00, 0x00, 0x10, 0x00, 0x00, 0x00,
  0x01, 0x00, 0x00, 0x00, 0x80, 0xff, 0xff, 0xff, 0xff, 0xff, 0xff, 0xff,
  0x01, 0x00, 0x00, 0x00, 0xc4, 0xe5, 0xb7, 0x3d, 0x50, 0x00, 0x00, 0x00,
  0x45, 0x64, 0x67, 0x65, 0x41, 0x75, 0x64, 0x69, 0x6f, 0x52, 0x65, 0x73,
  0x44, 0x53, 0x43, 0x4e, 0x4e, 0x5f, 0x43, 0x6f, 0x6d, 0x70, 0x61, 0x63,
  0x74, 0x5f, 0x31, 0x2f, 0x72, 0x65, 0x5f, 0x6c, 0x75, 0x5f, 0x36, 0x5f,
  0x31, 0x2f, 0x52, 0x65, 0x6c, 0x75, 0x3b, 0x45, 0x64, 0x67, 0x65, 0x41,
  0x75, 0x64, 0x69, 0x6f, 0x52, 0x65, 0x73, 0x44, 0x53, 0x43, 0x4e, 0x4e,
  0x5f, 0x43, 0x6f, 0x6d, 0x70, 0x61, 0x63, 0x74, 0x5f, 0x31, 0x2f, 0x61,
  0x64, 0x64, 0x5f, 0x31, 0x2f, 0x41, 0x64, 0x64, 0x00, 0x00, 0x00, 0x00,
  0x04, 0x00, 0x00, 0x00, 0x01, 0x00, 0x00, 0x00, 0x10, 0x00, 0x00, 0x00,
  0x0c, 0x00, 0x00, 0x00, 0x30, 0x00, 0x00, 0x00, 0x42, 0xce, 0xff, 0xff,
  0x00, 0x00, 0x00, 0x01, 0x18, 0x00, 0x00, 0x00, 0x28, 0x00, 0x00, 0x00,
  0x44, 0x00, 0x00, 0x00, 0x1c, 0x00, 0x00, 0x00, 0x00, 0x00, 0x00, 0x09,
  0xf8, 0x00, 0x00, 0x00, 0x04, 0x00, 0x00, 0x00, 0xff, 0xff, 0xff, 0xff,
  0x10, 0x00, 0x00, 0x00, 0x0c, 0x00, 0x00, 0x00, 0x30, 0x00, 0x00, 0x00,
  0x2c, 0xce, 0xff, 0xff, 0x08, 0x00, 0x00, 0x00, 0x10, 0x00, 0x00, 0x00,
  0x01, 0x00, 0x00, 0x00, 0xc8, 0xff, 0xff, 0xff, 0xff, 0xff, 0xff, 0xff,
  0x01, 0x00, 0x00, 0x00, 0xe4, 0xef, 0xff, 0x3d, 0xb9, 0x00, 0x00, 0x00,
  0x45, 0x64, 0x67, 0x65, 0x41, 0x75, 0x64, 0x69, 0x6f, 0x52, 0x65, 0x73,
  0x44, 0x53, 0x43, 0x4e, 0x4e, 0x5f, 0x43, 0x6f, 0x6d, 0x70, 0x61, 0x63,
  0x74, 0x5f, 0x31, 0x2f, 0x62, 0x61, 0x74, 0x63, 0x68, 0x5f, 0x6e, 0x6f,
  0x72, 0x6d, 0x61, 0x6c, 0x69, 0x7a, 0x61, 0x74, 0x69, 0x6f, 0x6e, 0x5f,
  0x36, 0x5f, 0x31, 0x2f, 0x62, 0x61, 0x74, 0x63, 0x68, 0x6e, 0x6f, 0x72,
  0x6d, 0x2f, 0x61, 0x64, 0x64, 0x5f, 0x31, 0x3b, 0x45, 0x64, 0x67, 0x65,
  0x41, 0x75, 0x64, 0x69, 0x6f, 0x52, 0x65, 0x73, 0x44, 0x53, 0x43, 0x4e,
  0x4e, 0x5f, 0x43, 0x6f, 0x6d, 0x70, 0x61, 0x63, 0x74, 0x5f, 0x31, 0x2f,
  0x63, 0x6f, 0x6e, 0x76, 0x32, 0x64, 0x5f, 0x33, 0x5f, 0x31, 0x2f, 0x63,
  0x6f, 0x6e, 0x76, 0x6f, 0x6c, 0x75, 0x74, 0x69, 0x6f, 0x6e, 0x3b, 0x45,
  0x64, 0x67, 0x65, 0x41, 0x75, 0x64, 0x69, 0x6f, 0x52, 0x65, 0x73, 0x44,
  0x53, 0x43, 0x4e, 0x4e, 0x5f, 0x43, 0x6f, 0x6d, 0x70, 0x61, 0x63, 0x74,
  0x5f, 0x31, 0x2f, 0x62, 0x61, 0x74, 0x63, 0x68, 0x5f, 0x6e, 0x6f, 0x72,
  0x6d, 0x61, 0x6c, 0x69, 0x7a, 0x61, 0x74, 0x69, 0x6f, 0x6e, 0x5f, 0x36,
  0x5f, 0x31, 0x2f, 0x62, 0x61, 0x74, 0x63, 0x68, 0x6e, 0x6f, 0x72, 0x6d,
  0x2f, 0x73, 0x75, 0x62, 0x31, 0x00, 0x00, 0x00, 0x04, 0x00, 0x00, 0x00,
  0x01, 0x00, 0x00, 0x00, 0x10, 0x00, 0x00, 0x00, 0x0c, 0x00, 0x00, 0x00,
  0x30, 0x00, 0x00, 0x00, 0x6a, 0xcf, 0xff, 0xff, 0x00, 0x00, 0x00, 0x01,
  0x18, 0x00, 0x00, 0x00, 0x28, 0x00, 0x00, 0x00, 0x44, 0x00, 0x00, 0x00,
  0x1b, 0x00, 0x00, 0x00, 0x00, 0x00, 0x00, 0x09, 0xb0, 0x01, 0x00, 0x00,
  0x04, 0x00, 0x00, 0x00, 0xff, 0xff, 0xff, 0xff, 0x10, 0x00, 0x00, 0x00,
  0x0c, 0x00, 0x00, 0x00, 0x30, 0x00, 0x00, 0x00, 0x54, 0xcf, 0xff, 0xff,
  0x08, 0x00, 0x00, 0x00, 0x10, 0x00, 0x00, 0x00, 0x01, 0x00, 0x00, 0x00,
  0x80, 0xff, 0xff, 0xff, 0xff, 0xff, 0xff, 0xff, 0x01, 0x00, 0x00, 0x00,
  0x8a, 0x14, 0xdc, 0x3c, 0x72, 0x01, 0x00, 0x00, 0x45, 0x64, 0x67, 0x65,
  0x41, 0x75, 0x64, 0x69, 0x6f, 0x52, 0x65, 0x73, 0x44, 0x53, 0x43, 0x4e,
  0x4e, 0x5f, 0x43, 0x6f, 0x6d, 0x70, 0x61, 0x63, 0x74, 0x5f, 0x31, 0x2f,
  0x72, 0x65, 0x5f, 0x6c, 0x75, 0x5f, 0x35, 0x5f, 0x31, 0x2f, 0x52, 0x65,
  0x6c, 0x75, 0x3b, 0x45, 0x64, 0x67, 0x65, 0x41, 0x75, 0x64, 0x69, 0x6f,
  0x52, 0x65, 0x73, 0x44, 0x53, 0x43, 0x4e, 0x4e, 0x5f, 0x43, 0x6f, 0x6d,
  0x70, 0x61, 0x63, 0x74, 0x5f, 0x31, 0x2f, 0x62, 0x61, 0x74, 0x63, 0x68,
  0x5f, 0x6e, 0x6f, 0x72, 0x6d, 0x61, 0x6c, 0x69, 0x7a, 0x61, 0x74, 0x69,
  0x6f, 0x6e, 0x5f, 0x35, 0x5f, 0x31, 0x2f, 0x62, 0x61, 0x74, 0x63, 0x68,
  0x6e, 0x6f, 0x72, 0x6d, 0x2f, 0x61, 0x64, 0x64, 0x5f, 0x31, 0x3b, 0x45,
  0x64, 0x67, 0x65, 0x41, 0x75, 0x64, 0x69, 0x6f, 0x52, 0x65, 0x73, 0x44,
  0x53, 0x43, 0x4e, 0x4e, 0x5f, 0x43, 0x6f, 0x6d, 0x70, 0x61, 0x63, 0x74,
  0x5f, 0x31, 0x2f, 0x62, 0x61, 0x74, 0x63, 0x68, 0x5f, 0x6e, 0x6f, 0x72,
  0x6d, 0x61, 0x6c, 0x69, 0x7a, 0x61, 0x74, 0x69, 0x6f, 0x6e, 0x5f, 0x35,
  0x5f, 0x31, 0x2f, 0x62, 0x61, 0x74, 0x63, 0x68, 0x6e, 0x6f, 0x72, 0x6d,
  0x2f, 0x6d, 0x75, 0x6c, 0x5f, 0x31, 0x3b, 0x45, 0x64, 0x67, 0x65, 0x41,
  0x75, 0x64, 0x69, 0x6f, 0x52, 0x65, 0x73, 0x44, 0x53, 0x43, 0x4e, 0x4e,
  0x5f, 0x43, 0x6f, 0x6d, 0x70, 0x61, 0x63, 0x74, 0x5f, 0x31, 0x2f, 0x64,
  0x65, 0x70, 0x74, 0x68, 0x77, 0x69, 0x73, 0x65, 0x5f, 0x63, 0x6f, 0x6e,
  0x76, 0x32, 0x64, 0x5f, 0x32, 0x5f, 0x31, 0x2f, 0x64, 0x65, 0x70, 0x74,
  0x68, 0x77, 0x69, 0x73, 0x65, 0x3b, 0x45, 0x64, 0x67, 0x65, 0x41, 0x75,
  0x64, 0x69, 0x6f, 0x52, 0x65, 0x73, 0x44, 0x53, 0x43, 0x4e, 0x4e, 0x5f,
  0x43, 0x6f, 0x6d, 0x70, 0x61, 0x63, 0x74, 0x5f, 0x31, 0x2f, 0x62, 0x61,
  0x74, 0x63, 0x68, 0x5f, 0x6e, 0x6f, 0x72, 0x6d, 0x61, 0x6c, 0x69, 0x7a,
  0x61, 0x74, 0x69, 0x6f, 0x6e, 0x5f, 0x35, 0x5f, 0x31, 0x2f, 0x62, 0x61,
  0x74, 0x63, 0x68, 0x6e, 0x6f, 0x72, 0x6d, 0x2f, 0x6d, 0x75, 0x6c, 0x3b,
  0x45, 0x64, 0x67, 0x65, 0x41, 0x75, 0x64, 0x69, 0x6f, 0x52, 0x65, 0x73,
  0x44, 0x53, 0x43, 0x4e, 0x4e, 0x5f, 0x43, 0x6f, 0x6d, 0x70, 0x61, 0x63,
  0x74, 0x5f, 0x31, 0x2f, 0x62, 0x61, 0x74, 0x63, 0x68, 0x5f, 0x6e, 0x6f,
  0x72, 0x6d, 0x61, 0x6c, 0x69, 0x7a, 0x61, 0x74, 0x69, 0x6f, 0x6e, 0x5f,
  0x35, 0x5f, 0x31, 0x2f, 0x62, 0x61, 0x74, 0x63, 0x68, 0x6e, 0x6f, 0x72,
  0x6d, 0x2f, 0x73, 0x75, 0x62, 0x31, 0x00, 0x00, 0x04, 0x00, 0x00, 0x00,
  0x01, 0x00, 0x00, 0x00, 0x10, 0x00, 0x00, 0x00, 0x0c, 0x00, 0x00, 0x00,
  0x30, 0x00, 0x00, 0x00, 0x4a, 0xd1, 0xff, 0xff, 0x00, 0x00, 0x00, 0x01,
  0x18, 0x00, 0x00, 0x00, 0x28, 0x00, 0x00, 0x00, 0x48, 0x00, 0x00, 0x00,
  0x1a, 0x00, 0x00, 0x00, 0x00, 0x00, 0x00, 0x09, 0x78, 0x00, 0x00, 0x00,
  0x04, 0x00, 0x00, 0x00, 0xff, 0xff, 0xff, 0xff, 0x10, 0x00, 0x00, 0x00,
  0x0c, 0x00, 0x00, 0x00, 0x30, 0x00, 0x00, 0x00, 0x34, 0xd1, 0xff, 0xff,
  0x08, 0x00, 0x00, 0x00, 0x14, 0x00, 0x00, 0x00, 0x01, 0x00, 0x00, 0x00,
  0x80, 0xff, 0xff, 0xff, 0xff, 0xff, 0xff, 0xff, 0x00, 0x00, 0x00, 0x00,
  0x01, 0x00, 0x00, 0x00, 0x3b, 0x85, 0x20, 0x3d, 0x37, 0x00, 0x00, 0x00,
  0x45, 0x64, 0x67, 0x65, 0x41, 0x75, 0x64, 0x69, 0x6f, 0x52, 0x65, 0x73,
  0x44, 0x53, 0x43, 0x4e, 0x4e, 0x5f, 0x43, 0x6f, 0x6d, 0x70, 0x61, 0x63,
  0x74, 0x5f, 0x31, 0x2f, 0x6d, 0x61, 0x78, 0x5f, 0x70, 0x6f, 0x6f, 0x6c,
  0x69, 0x6e, 0x67, 0x32, 0x64, 0x5f, 0x32, 0x5f, 0x31, 0x2f, 0x4d, 0x61,
  0x78, 0x50, 0x6f, 0x6f, 0x6c, 0x32, 0x64, 0x00, 0x04, 0x00, 0x00, 0x00,
  0x01, 0x00, 0x00, 0x00, 0x10, 0x00, 0x00, 0x00, 0x0c, 0x00, 0x00, 0x00,
  0x30, 0x00, 0x00, 0x00, 0xf2, 0xd1, 0xff, 0xff, 0x00, 0x00, 0x00, 0x01,
  0x18, 0x00, 0x00, 0x00, 0x28, 0x00, 0x00, 0x00, 0x48, 0x00, 0x00, 0x00,
  0x19, 0x00, 0x00, 0x00, 0x00, 0x00, 0x00, 0x09, 0x28, 0x01, 0x00, 0x00,
  0x04, 0x00, 0x00, 0x00, 0xff, 0xff, 0xff, 0xff, 0x20, 0x00, 0x00, 0x00,
  0x19, 0x00, 0x00, 0x00, 0x30, 0x00, 0x00, 0x00, 0xdc, 0xd1, 0xff, 0xff,
  0x08, 0x00, 0x00, 0x00, 0x14, 0x00, 0x00, 0x00, 0x01, 0x00, 0x00, 0x00,
  0x80, 0xff, 0xff, 0xff, 0xff, 0xff, 0xff, 0xff, 0x00, 0x00, 0x00, 0x00,
  0x01, 0x00, 0x00, 0x00, 0x3b, 0x85, 0x20, 0x3d, 0xe4, 0x00, 0x00, 0x00,
  0x45, 0x64, 0x67, 0x65, 0x41, 0x75, 0x64, 0x69, 0x6f, 0x52, 0x65, 0x73,
  0x44, 0x53, 0x43, 0x4e, 0x4e, 0x5f, 0x43, 0x6f, 0x6d, 0x70, 0x61, 0x63,
  0x74, 0x5f, 0x31, 0x2f, 0x72, 0x65, 0x5f, 0x6c, 0x75, 0x5f, 0x34, 0x5f,
  0x31, 0x2f, 0x52, 0x65, 0x6c, 0x75, 0x3b, 0x45, 0x64, 0x67, 0x65, 0x41,
  0x75, 0x64, 0x69, 0x6f, 0x52, 0x65, 0x73, 0x44, 0x53, 0x43, 0x4e, 0x4e,
  0x5f, 0x43, 0x6f, 0x6d, 0x70, 0x61, 0x63, 0x74, 0x5f, 0x31, 0x2f, 0x62,
  0x61, 0x74, 0x63, 0x68, 0x5f, 0x6e, 0x6f, 0x72, 0x6d, 0x61, 0x6c, 0x69,
  0x7a, 0x61, 0x74, 0x69, 0x6f, 0x6e, 0x5f, 0x34, 0x5f, 0x31, 0x2f, 0x62,
  0x61, 0x74, 0x63, 0x68, 0x6e, 0x6f, 0x72, 0x6d, 0x2f, 0x61, 0x64, 0x64,
  0x5f, 0x31, 0x3b, 0x45, 0x64, 0x67, 0x65, 0x41, 0x75, 0x64, 0x69, 0x6f,
  0x52, 0x65, 0x73, 0x44, 0x53, 0x43, 0x4e, 0x4e, 0x5f, 0x43, 0x6f, 0x6d,
  0x70, 0x61, 0x63, 0x74, 0x5f, 0x31, 0x2f, 0x63, 0x6f, 0x6e, 0x76, 0x32,
  0x64, 0x5f, 0x32, 0x5f, 0x31, 0x2f, 0x63, 0x6f, 0x6e, 0x76, 0x6f, 0x6c,
  0x75, 0x74, 0x69, 0x6f, 0x6e, 0x3b, 0x45, 0x64, 0x67, 0x65, 0x41, 0x75,
  0x64, 0x69, 0x6f, 0x52, 0x65, 0x73, 0x44, 0x53, 0x43, 0x4e, 0x4e, 0x5f,
  0x43, 0x6f, 0x6d, 0x70, 0x61, 0x63, 0x74, 0x5f, 0x31, 0x2f, 0x62, 0x61,
  0x74, 0x63, 0x68, 0x5f, 0x6e, 0x6f, 0x72, 0x6d, 0x61, 0x6c, 0x69, 0x7a,
  0x61, 0x74, 0x69, 0x6f, 0x6e, 0x5f, 0x34, 0x5f, 0x31, 0x2f, 0x62, 0x61,
  0x74, 0x63, 0x68, 0x6e, 0x6f, 0x72, 0x6d, 0x2f, 0x73, 0x75, 0x62, 0x31,
  0x00, 0x00, 0x00, 0x00, 0x04, 0x00, 0x00, 0x00, 0x01, 0x00, 0x00, 0x00,
  0x20, 0x00, 0x00, 0x00, 0x19, 0x00, 0x00, 0x00, 0x30, 0x00, 0x00, 0x00,
  0x4a, 0xd3, 0xff, 0xff, 0x00, 0x00, 0x00, 0x01, 0x18, 0x00, 0x00, 0x00,
  0x28, 0x00, 0x00, 0x00, 0x44, 0x00, 0x00, 0x00, 0x18, 0x00, 0x00, 0x00,
  0x00, 0x00, 0x00, 0x09, 0xb0, 0x01, 0x00, 0x00, 0x04, 0x00, 0x00, 0x00,
  0xff, 0xff, 0xff, 0xff, 0x20, 0x00, 0x00, 0x00, 0x19, 0x00, 0x00, 0x00,
  0x18, 0x00, 0x00, 0x00, 0x34, 0xd3, 0xff, 0xff, 0x08, 0x00, 0x00, 0x00,
  0x10, 0x00, 0x00, 0x00, 0x01, 0x00, 0x00, 0x00, 0x80, 0xff, 0xff, 0xff,
  0xff, 0xff, 0xff, 0xff, 0x01, 0x00, 0x00, 0x00, 0x4e, 0xde, 0x02, 0x3d,
  0x72, 0x01, 0x00, 0x00, 0x45, 0x64, 0x67, 0x65, 0x41, 0x75, 0x64, 0x69,
  0x6f, 0x52, 0x65, 0x73, 0x44, 0x53, 0x43, 0x4e, 0x4e, 0x5f, 0x43, 0x6f,
  0x6d, 0x70, 0x61, 0x63, 0x74, 0x5f, 0x31, 0x2f, 0x72, 0x65, 0x5f, 0x6c,
  0x75, 0x5f, 0x33, 0x5f, 0x31, 0x2f, 0x52, 0x65, 0x6c, 0x75, 0x3b, 0x45,
  0x64, 0x67, 0x65, 0x41, 0x75, 0x64, 0x69, 0x6f, 0x52, 0x65, 0x73, 0x44,
  0x53, 0x43, 0x4e, 0x4e, 0x5f, 0x43, 0x6f, 0x6d, 0x70, 0x61, 0x63, 0x74,
  0x5f, 0x31, 0x2f, 0x62, 0x61, 0x74, 0x63, 0x68, 0x5f, 0x6e, 0x6f, 0x72,
  0x6d, 0x61, 0x6c, 0x69, 0x7a, 0x61, 0x74, 0x69, 0x6f, 0x6e, 0x5f, 0x33,
  0x5f, 0x31, 0x2f, 0x62, 0x61, 0x74, 0x63, 0x68, 0x6e, 0x6f, 0x72, 0x6d,
  0x2f, 0x61, 0x64, 0x64, 0x5f, 0x31, 0x3b, 0x45, 0x64, 0x67, 0x65, 0x41,
  0x75, 0x64, 0x69, 0x6f, 0x52, 0x65, 0x73, 0x44, 0x53, 0x43, 0x4e, 0x4e,
  0x5f, 0x43, 0x6f, 0x6d, 0x70, 0x61, 0x63, 0x74, 0x5f, 0x31, 0x2f, 0x62,
  0x61, 0x74, 0x63, 0x68, 0x5f, 0x6e, 0x6f, 0x72, 0x6d, 0x61, 0x6c, 0x69,
  0x7a, 0x61, 0x74, 0x69, 0x6f, 0x6e, 0x5f, 0x33, 0x5f, 0x31, 0x2f, 0x62,
  0x61, 0x74, 0x63, 0x68, 0x6e, 0x6f, 0x72, 0x6d, 0x2f, 0x6d, 0x75, 0x6c,
  0x5f, 0x31, 0x3b, 0x45, 0x64, 0x67, 0x65, 0x41, 0x75, 0x64, 0x69, 0x6f,
  0x52, 0x65, 0x73, 0x44, 0x53, 0x43, 0x4e, 0x4e, 0x5f, 0x43, 0x6f, 0x6d,
  0x70, 0x61, 0x63, 0x74, 0x5f, 0x31, 0x2f, 0x64, 0x65, 0x70, 0x74, 0x68,
  0x77, 0x69, 0x73, 0x65, 0x5f, 0x63, 0x6f, 0x6e, 0x76, 0x32, 0x64, 0x5f,
  0x31, 0x5f, 0x32, 0x2f, 0x64, 0x65, 0x70, 0x74, 0x68, 0x77, 0x69, 0x73,
  0x65, 0x3b, 0x45, 0x64, 0x67, 0x65, 0x41, 0x75, 0x64, 0x69, 0x6f, 0x52,
  0x65, 0x73, 0x44, 0x53, 0x43, 0x4e, 0x4e, 0x5f, 0x43, 0x6f, 0x6d, 0x70,
  0x61, 0x63, 0x74, 0x5f, 0x31, 0x2f, 0x62, 0x61, 0x74, 0x63, 0x68, 0x5f,
  0x6e, 0x6f, 0x72, 0x6d, 0x61, 0x6c, 0x69, 0x7a, 0x61, 0x74, 0x69, 0x6f,
  0x6e, 0x5f, 0x33, 0x5f, 0x31, 0x2f, 0x62, 0x61, 0x74, 0x63, 0x68, 0x6e,
  0x6f, 0x72, 0x6d, 0x2f, 0x6d, 0x75, 0x6c, 0x3b, 0x45, 0x64, 0x67, 0x65,
  0x41, 0x75, 0x64, 0x69, 0x6f, 0x52, 0x65, 0x73, 0x44, 0x53, 0x43, 0x4e,
  0x4e, 0x5f, 0x43, 0x6f, 0x6d, 0x70, 0x61, 0x63, 0x74, 0x5f, 0x31, 0x2f,
  0x62, 0x61, 0x74, 0x63, 0x68, 0x5f, 0x6e, 0x6f, 0x72, 0x6d, 0x61, 0x6c,
  0x69, 0x7a, 0x61, 0x74, 0x69, 0x6f, 0x6e, 0x5f, 0x33, 0x5f, 0x31, 0x2f,
  0x62, 0x61, 0x74, 0x63, 0x68, 0x6e, 0x6f, 0x72, 0x6d, 0x2f, 0x73, 0x75,
  0x62, 0x31, 0x00, 0x00, 0x04, 0x00, 0x00, 0x00, 0x01, 0x00, 0x00, 0x00,
  0x20, 0x00, 0x00, 0x00, 0x19, 0x00, 0x00, 0x00, 0x18, 0x00, 0x00, 0x00,
  0x2a, 0xd5, 0xff, 0xff, 0x00, 0x00, 0x00, 0x01, 0x18, 0x00, 0x00, 0x00,
  0x28, 0x00, 0x00, 0x00, 0x48, 0x00, 0x00, 0x00, 0x17, 0x00, 0x00, 0x00,
  0x00, 0x00, 0x00, 0x09, 0x78, 0x00, 0x00, 0x00, 0x04, 0x00, 0x00, 0x00,
  0xff, 0xff, 0xff, 0xff, 0x20, 0x00, 0x00, 0x00, 0x19, 0x00, 0x00, 0x00,
  0x18, 0x00, 0x00, 0x00, 0x14, 0xd5, 0xff, 0xff, 0x08, 0x00, 0x00, 0x00,
  0x14, 0x00, 0x00, 0x00, 0x01, 0x00, 0x00, 0x00, 0x80, 0xff, 0xff, 0xff,
  0xff, 0xff, 0xff, 0xff, 0x00, 0x00, 0x00, 0x00, 0x01, 0x00, 0x00, 0x00,
  0x32, 0x91, 0xd7, 0x3c, 0x37, 0x00, 0x00, 0x00, 0x45, 0x64, 0x67, 0x65,
  0x41, 0x75, 0x64, 0x69, 0x6f, 0x52, 0x65, 0x73, 0x44, 0x53, 0x43, 0x4e,
  0x4e, 0x5f, 0x43, 0x6f, 0x6d, 0x70, 0x61, 0x63, 0x74, 0x5f, 0x31, 0x2f,
  0x6d, 0x61, 0x78, 0x5f, 0x70, 0x6f, 0x6f, 0x6c, 0x69, 0x6e, 0x67, 0x32,
  0x64, 0x5f, 0x31, 0x5f, 0x32, 0x2f, 0x4d, 0x61, 0x78, 0x50, 0x6f, 0x6f,
  0x6c, 0x32, 0x64, 0x00, 0x04, 0x00, 0x00, 0x00, 0x01, 0x00, 0x00, 0x00,
  0x20, 0x00, 0x00, 0x00, 0x19, 0x00, 0x00, 0x00, 0x18, 0x00, 0x00, 0x00,
  0xd2, 0xd5, 0xff, 0xff, 0x00, 0x00, 0x00, 0x01, 0x18, 0x00, 0x00, 0x00,
  0x28, 0x00, 0x00, 0x00, 0x48, 0x00, 0x00, 0x00, 0x16, 0x00, 0x00, 0x00,
  0x00, 0x00, 0x00, 0x09, 0x28, 0x01, 0x00, 0x00, 0x04, 0x00, 0x00, 0x00,
  0xff, 0xff, 0xff, 0xff, 0x40, 0x00, 0x00, 0x00, 0x32, 0x00, 0x00, 0x00,
  0x18, 0x00, 0x00, 0x00, 0xbc, 0xd5, 0xff, 0xff, 0x08, 0x00, 0x00, 0x00,
  0x14, 0x00, 0x00, 0x00, 0x01, 0x00, 0x00, 0x00, 0x80, 0xff, 0xff, 0xff,
  0xff, 0xff, 0xff, 0xff, 0x00, 0x00, 0x00, 0x00, 0x01, 0x00, 0x00, 0x00,
  0x32, 0x91, 0xd7, 0x3c, 0xe4, 0x00, 0x00, 0x00, 0x45, 0x64, 0x67, 0x65,
  0x41, 0x75, 0x64, 0x69, 0x6f, 0x52, 0x65, 0x73, 0x44, 0x53, 0x43, 0x4e,
  0x4e, 0x5f, 0x43, 0x6f, 0x6d, 0x70, 0x61, 0x63, 0x74, 0x5f, 0x31, 0x2f,
  0x72, 0x65, 0x5f, 0x6c, 0x75, 0x5f, 0x32, 0x5f, 0x31, 0x2f, 0x52, 0x65,
  0x6c, 0x75, 0x3b, 0x45, 0x64, 0x67, 0x65, 0x41, 0x75, 0x64, 0x69, 0x6f,
  0x52, 0x65, 0x73, 0x44, 0x53, 0x43, 0x4e, 0x4e, 0x5f, 0x43, 0x6f, 0x6d,
  0x70, 0x61, 0x63, 0x74, 0x5f, 0x31, 0x2f, 0x62, 0x61, 0x74, 0x63, 0x68,
  0x5f, 0x6e, 0x6f, 0x72, 0x6d, 0x61, 0x6c, 0x69, 0x7a, 0x61, 0x74, 0x69,
  0x6f, 0x6e, 0x5f, 0x32, 0x5f, 0x31, 0x2f, 0x62, 0x61, 0x74, 0x63, 0x68,
  0x6e, 0x6f, 0x72, 0x6d, 0x2f, 0x61, 0x64, 0x64, 0x5f, 0x31, 0x3b, 0x45,
  0x64, 0x67, 0x65, 0x41, 0x75, 0x64, 0x69, 0x6f, 0x52, 0x65, 0x73, 0x44,
  0x53, 0x43, 0x4e, 0x4e, 0x5f, 0x43, 0x6f, 0x6d, 0x70, 0x61, 0x63, 0x74,
  0x5f, 0x31, 0x2f, 0x63, 0x6f, 0x6e, 0x76, 0x32, 0x64, 0x5f, 0x31, 0x5f,
  0x32, 0x2f, 0x63, 0x6f, 0x6e, 0x76, 0x6f, 0x6c, 0x75, 0x74, 0x69, 0x6f,
  0x6e, 0x3b, 0x45, 0x64, 0x67, 0x65, 0x41, 0x75, 0x64, 0x69, 0x6f, 0x52,
  0x65, 0x73, 0x44, 0x53, 0x43, 0x4e, 0x4e, 0x5f, 0x43, 0x6f, 0x6d, 0x70,
  0x61, 0x63, 0x74, 0x5f, 0x31, 0x2f, 0x62, 0x61, 0x74, 0x63, 0x68, 0x5f,
  0x6e, 0x6f, 0x72, 0x6d, 0x61, 0x6c, 0x69, 0x7a, 0x61, 0x74, 0x69, 0x6f,
  0x6e, 0x5f, 0x32, 0x5f, 0x31, 0x2f, 0x62, 0x61, 0x74, 0x63, 0x68, 0x6e,
  0x6f, 0x72, 0x6d, 0x2f, 0x73, 0x75, 0x62, 0x31, 0x00, 0x00, 0x00, 0x00,
  0x04, 0x00, 0x00, 0x00, 0x01, 0x00, 0x00, 0x00, 0x40, 0x00, 0x00, 0x00,
  0x32, 0x00, 0x00, 0x00, 0x18, 0x00, 0x00, 0x00, 0x2a, 0xd7, 0xff, 0xff,
  0x00, 0x00, 0x00, 0x01, 0x18, 0x00, 0x00, 0x00, 0x28, 0x00, 0x00, 0x00,
  0x44, 0x00, 0x00, 0x00, 0x15, 0x00, 0x00, 0x00, 0x00, 0x00, 0x00, 0x09,
  0xb0, 0x01, 0x00, 0x00, 0x04, 0x00, 0x00, 0x00, 0xff, 0xff, 0xff, 0xff,
  0x40, 0x00, 0x00, 0x00, 0x32, 0x00, 0x00, 0x00, 0x0c, 0x00, 0x00, 0x00,
  0x14, 0xd7, 0xff, 0xff, 0x08, 0x00, 0x00, 0x00, 0x10, 0x00, 0x00, 0x00,
  0x01, 0x00, 0x00, 0x00, 0x80, 0xff, 0xff, 0xff, 0xff, 0xff, 0xff, 0xff,
  0x01, 0x00, 0x00, 0x00, 0xcb, 0x67, 0xed, 0x3c, 0x70, 0x01, 0x00, 0x00,
  0x45, 0x64, 0x67, 0x65, 0x41, 0x75, 0x64, 0x69, 0x6f, 0x52, 0x65, 0x73,
  0x44, 0x53, 0x43, 0x4e, 0x4e, 0x5f, 0x43, 0x6f, 0x6d, 0x70, 0x61, 0x63,
  0x74, 0x5f, 0x31, 0x2f, 0x72, 0x65, 0x5f, 0x6c, 0x75, 0x5f, 0x31, 0x5f,
  0x32, 0x2f, 0x52, 0x65, 0x6c, 0x75, 0x3b, 0x45, 0x64, 0x67, 0x65, 0x41,
  0x75, 0x64, 0x69, 0x6f, 0x52, 0x65, 0x73, 0x44, 0x53, 0x43, 0x4e, 0x4e,
  0x5f, 0x43, 0x6f, 0x6d, 0x70, 0x61, 0x63, 0x74, 0x5f, 0x31, 0x2f, 0x62,
  0x61, 0x74, 0x63, 0x68, 0x5f, 0x6e, 0x6f, 0x72, 0x6d, 0x61, 0x6c, 0x69,
  0x7a, 0x61, 0x74, 0x69, 0x6f, 0x6e, 0x5f, 0x31, 0x5f, 0x32, 0x2f, 0x62,
  0x61, 0x74, 0x63, 0x68, 0x6e, 0x6f, 0x72, 0x6d, 0x2f, 0x61, 0x64, 0x64,
  0x5f, 0x31, 0x3b, 0x45, 0x64, 0x67, 0x65, 0x41, 0x75, 0x64, 0x69, 0x6f,
  0x52, 0x65, 0x73, 0x44, 0x53, 0x43, 0x4e, 0x4e, 0x5f, 0x43, 0x6f, 0x6d,
  0x70, 0x61, 0x63, 0x74, 0x5f, 0x31, 0x2f, 0x62, 0x61, 0x74, 0x63, 0x68,
  0x5f, 0x6e, 0x6f, 0x72, 0x6d, 0x61, 0x6c, 0x69, 0x7a, 0x61, 0x74, 0x69,
  0x6f, 0x6e, 0x5f, 0x31, 0x5f, 0x32, 0x2f, 0x62, 0x61, 0x74, 0x63, 0x68,
  0x6e, 0x6f, 0x72, 0x6d, 0x2f, 0x6d, 0x75, 0x6c, 0x5f, 0x31, 0x3b, 0x45,
  0x64, 0x67, 0x65, 0x41, 0x75, 0x64, 0x69, 0x6f, 0x52, 0x65, 0x73, 0x44,
  0x53, 0x43, 0x4e, 0x4e, 0x5f, 0x43, 0x6f, 0x6d, 0x70, 0x61, 0x63, 0x74,
  0x5f, 0x31, 0x2f, 0x64, 0x65, 0x70, 0x74, 0x68, 0x77, 0x69, 0x73, 0x65,
  0x5f, 0x63, 0x6f, 0x6e, 0x76, 0x32, 0x64, 0x5f, 0x31, 0x2f, 0x64, 0x65,
  0x70, 0x74, 0x68, 0x77, 0x69, 0x73, 0x65, 0x3b, 0x45, 0x64, 0x67, 0x65,
  0x41, 0x75, 0x64, 0x69, 0x6f, 0x52, 0x65, 0x73, 0x44, 0x53, 0x43, 0x4e,
  0x4e, 0x5f, 0x43, 0x6f, 0x6d, 0x70, 0x61, 0x63, 0x74, 0x5f, 0x31, 0x2f,
  0x62, 0x61, 0x74, 0x63, 0x68, 0x5f, 0x6e, 0x6f, 0x72, 0x6d, 0x61, 0x6c,
  0x69, 0x7a, 0x61, 0x74, 0x69, 0x6f, 0x6e, 0x5f, 0x31, 0x5f, 0x32, 0x2f,
  0x62, 0x61, 0x74, 0x63, 0x68, 0x6e, 0x6f, 0x72, 0x6d, 0x2f, 0x6d, 0x75,
  0x6c, 0x3b, 0x45, 0x64, 0x67, 0x65, 0x41, 0x75, 0x64, 0x69, 0x6f, 0x52,
  0x65, 0x73, 0x44, 0x53, 0x43, 0x4e, 0x4e, 0x5f, 0x43, 0x6f, 0x6d, 0x70,
  0x61, 0x63, 0x74, 0x5f, 0x31, 0x2f, 0x62, 0x61, 0x74, 0x63, 0x68, 0x5f,
  0x6e, 0x6f, 0x72, 0x6d, 0x61, 0x6c, 0x69, 0x7a, 0x61, 0x74, 0x69, 0x6f,
  0x6e, 0x5f, 0x31, 0x5f, 0x32, 0x2f, 0x62, 0x61, 0x74, 0x63, 0x68, 0x6e,
  0x6f, 0x72, 0x6d, 0x2f, 0x73, 0x75, 0x62, 0x31, 0x00, 0x00, 0x00, 0x00,
  0x04, 0x00, 0x00, 0x00, 0x01, 0x00, 0x00, 0x00, 0x40, 0x00, 0x00, 0x00,
  0x32, 0x00, 0x00, 0x00, 0x0c, 0x00, 0x00, 0x00, 0x0a, 0xd9, 0xff, 0xff,
  0x00, 0x00, 0x00, 0x01, 0x18, 0x00, 0x00, 0x00, 0x28, 0x00, 0x00, 0x00,
  0x48, 0x00, 0x00, 0x00, 0x14, 0x00, 0x00, 0x00, 0x00, 0x00, 0x00, 0x09,
  0x78, 0x00, 0x00, 0x00, 0x04, 0x00, 0x00, 0x00, 0xff, 0xff, 0xff, 0xff,
  0x40, 0x00, 0x00, 0x00, 0x32, 0x00, 0x00, 0x00, 0x0c, 0x00, 0x00, 0x00,
  0xf4, 0xd8, 0xff, 0xff, 0x08, 0x00, 0x00, 0x00, 0x14, 0x00, 0x00, 0x00,
  0x01, 0x00, 0x00, 0x00, 0x80, 0xff, 0xff, 0xff, 0xff, 0xff, 0xff, 0xff,
  0x00, 0x00, 0x00, 0x00, 0x01, 0x00, 0x00, 0x00, 0x00, 0x3c, 0x83, 0x3c,
  0x35, 0x00, 0x00, 0x00, 0x45, 0x64, 0x67, 0x65, 0x41, 0x75, 0x64, 0x69,
  0x6f, 0x52, 0x65, 0x73, 0x44, 0x53, 0x43, 0x4e, 0x4e, 0x5f, 0x43, 0x6f,
  0x6d, 0x70, 0x61, 0x63, 0x74, 0x5f, 0x31, 0x2f, 0x6d, 0x61, 0x78, 0x5f,
  0x70, 0x6f, 0x6f, 0x6c, 0x69, 0x6e, 0x67, 0x32, 0x64, 0x5f, 0x31, 0x2f,
  0x4d, 0x61, 0x78, 0x50, 0x6f, 0x6f, 0x6c, 0x32, 0x64, 0x00, 0x00, 0x00,
  0x04, 0x00, 0x00, 0x00, 0x01, 0x00, 0x00, 0x00, 0x40, 0x00, 0x00, 0x00,
  0x32, 0x00, 0x00, 0x00, 0x0c, 0x00, 0x00, 0x00, 0xb2, 0xd9, 0xff, 0xff,
  0x00, 0x00, 0x00, 0x01, 0x18, 0x00, 0x00, 0x00, 0x28, 0x00, 0x00, 0x00,
  0x48, 0x00, 0x00, 0x00, 0x13, 0x00, 0x00, 0x00, 0x00, 0x00, 0x00, 0x09,
  0x20, 0x01, 0x00, 0x00, 0x04, 0x00, 0x00, 0x00, 0xff, 0xff, 0xff, 0xff,
  0x40, 0x00, 0x00, 0x00, 0x65, 0x00, 0x00, 0x00, 0x0c, 0x00, 0x00, 0x00,
  0x9c, 0xd9, 0xff, 0xff, 0x08, 0x00, 0x00, 0x00, 0x14, 0x00, 0x00, 0x00,
  0x01, 0x00, 0x00, 0x00, 0x80, 0xff, 0xff, 0xff, 0xff, 0xff, 0xff, 0xff,
  0x00, 0x00, 0x00, 0x00, 0x01, 0x00, 0x00, 0x00, 0x00, 0x3c, 0x83, 0x3c,
  0xdc, 0x00, 0x00, 0x00, 0x45, 0x64, 0x67, 0x65, 0x41, 0x75, 0x64, 0x69,
  0x6f, 0x52, 0x65, 0x73, 0x44, 0x53, 0x43, 0x4e, 0x4e, 0x5f, 0x43, 0x6f,
  0x6d, 0x70, 0x61, 0x63, 0x74, 0x5f, 0x31, 0x2f, 0x72, 0x65, 0x5f, 0x6c,
  0x75, 0x5f, 0x31, 0x2f, 0x52, 0x65, 0x6c, 0x75, 0x3b, 0x45, 0x64, 0x67,
  0x65, 0x41, 0x75, 0x64, 0x69, 0x6f, 0x52, 0x65, 0x73, 0x44, 0x53, 0x43,
  0x4e, 0x4e, 0x5f, 0x43, 0x6f, 0x6d, 0x70, 0x61, 0x63, 0x74, 0x5f, 0x31,
  0x2f, 0x62, 0x61, 0x74, 0x63, 0x68, 0x5f, 0x6e, 0x6f, 0x72, 0x6d, 0x61,
  0x6c, 0x69, 0x7a, 0x61, 0x74, 0x69, 0x6f, 0x6e, 0x5f, 0x31, 0x2f, 0x62,
  0x61, 0x74, 0x63, 0x68, 0x6e, 0x6f, 0x72, 0x6d, 0x2f, 0x61, 0x64, 0x64,
  0x5f, 0x31, 0x3b, 0x45, 0x64, 0x67, 0x65, 0x41, 0x75, 0x64, 0x69, 0x6f,
  0x52, 0x65, 0x73, 0x44, 0x53, 0x43, 0x4e, 0x4e, 0x5f, 0x43, 0x6f, 0x6d,
  0x70, 0x61, 0x63, 0x74, 0x5f, 0x31, 0x2f, 0x63, 0x6f, 0x6e, 0x76, 0x32,
  0x64, 0x5f, 0x31, 0x2f, 0x63, 0x6f, 0x6e, 0x76, 0x6f, 0x6c, 0x75, 0x74,
  0x69, 0x6f, 0x6e, 0x3b, 0x45, 0x64, 0x67, 0x65, 0x41, 0x75, 0x64, 0x69,
  0x6f, 0x52, 0x65, 0x73, 0x44, 0x53, 0x43, 0x4e, 0x4e, 0x5f, 0x43, 0x6f,
  0x6d, 0x70, 0x61, 0x63, 0x74, 0x5f, 0x31, 0x2f, 0x62, 0x61, 0x74, 0x63,
  0x68, 0x5f, 0x6e, 0x6f, 0x72, 0x6d, 0x61, 0x6c, 0x69, 0x7a, 0x61, 0x74,
  0x69, 0x6f, 0x6e, 0x5f, 0x31, 0x2f, 0x62, 0x61, 0x74, 0x63, 0x68, 0x6e,
  0x6f, 0x72, 0x6d, 0x2f, 0x73, 0x75, 0x62, 0x31, 0x00, 0x00, 0x00, 0x00,
  0x04, 0x00, 0x00, 0x00, 0x01, 0x00, 0x00, 0x00, 0x40, 0x00, 0x00, 0x00,
  0x65, 0x00, 0x00, 0x00, 0x0c, 0x00, 0x00, 0x00, 0x9a, 0xdb, 0xff, 0xff,
  0x00, 0x00, 0x00, 0x01, 0x14, 0x00, 0x00, 0x00, 0xb8, 0x00, 0x00, 0x00,
  0x12, 0x00, 0x00, 0x00, 0x00, 0x00, 0x00, 0x09, 0xe4, 0x00, 0x00, 0x00,
  0xd4, 0xda, 0xff, 0xff, 0x08, 0x00, 0x00, 0x00, 0x6c, 0x00, 0x00, 0x00,
  0x0c, 0x00, 0x00, 0x00, 0x00, 0x00, 0x00, 0x00, 0x00, 0x00, 0x00, 0x00,
  0x00, 0x00, 0x00, 0x00, 0x00, 0x00, 0x00, 0x00, 0x00, 0x00, 0x00, 0x00,
  0x00, 0x00, 0x00, 0x00, 0x00, 0x00, 0x00, 0x00, 0x00, 0x00, 0x00, 0x00,
  0x00, 0x00, 0x00, 0x00, 0x00, 0x00, 0x00, 0x00, 0x00, 0x00, 0x00, 0x00,
  0x00, 0x00, 0x00, 0x00, 0x00, 0x00, 0x00, 0x00, 0x00, 0x00, 0x00, 0x00,
  0x00, 0x00, 0x00, 0x00, 0x00, 0x00, 0x00, 0x00, 0x00, 0x00, 0x00, 0x00,
  0x00, 0x00, 0x00, 0x00, 0x00, 0x00, 0x00, 0x00, 0x00, 0x00, 0x00, 0x00,
  0x00, 0x00, 0x00, 0x00, 0x00, 0x00, 0x00, 0x00, 0x00, 0x00, 0x00, 0x00,
  0x00, 0x00, 0x00, 0x00, 0x00, 0x00, 0x00, 0x00, 0x0c, 0x00, 0x00, 0x00,
  0x53, 0x32, 0x89, 0x3c, 0x9e, 0x28, 0x2b, 0x3c, 0xe5, 0x0e, 0x82, 0x3c,
  0x01, 0xe8, 0x77, 0x3c, 0x0c, 0xd3, 0x29, 0x3c, 0x5d, 0x09, 0xe8, 0x3c,
  0x94, 0xc4, 0x6f, 0x3c, 0xe0, 0x61, 0x93, 0x3c, 0x24, 0x94, 0x30, 0x3c,
  0x5a, 0x60, 0xab, 0x3c, 0x24, 0x44, 0xc5, 0x3c, 0x58, 0x96, 0x17, 0x3c,
  0x30, 0x00, 0x00, 0x00, 0x45, 0x64, 0x67, 0x65, 0x41, 0x75, 0x64, 0x69,
  0x6f, 0x52, 0x65, 0x73, 0x44, 0x53, 0x43, 0x4e, 0x4e, 0x5f, 0x43, 0x6f,
  0x6d, 0x70, 0x61, 0x63, 0x74, 0x5f, 0x31, 0x2f, 0x63, 0x6f, 0x6e, 0x76,
  0x32, 0x64, 0x5f, 0x31, 0x2f, 0x63, 0x6f, 0x6e, 0x76, 0x6f, 0x6c, 0x75,
  0x74, 0x69, 0x6f, 0x6e, 0x00, 0x00, 0x00, 0x00, 0x04, 0x00, 0x00, 0x00,
  0x0c, 0x00, 0x00, 0x00, 0x03, 0x00, 0x00, 0x00, 0x03, 0x00, 0x00, 0x00,
  0x01, 0x00, 0x00, 0x00, 0xaa, 0xdc, 0xff, 0xff, 0x00, 0x00, 0x00, 0x01,
  0x14, 0x00, 0x00, 0x00, 0xb8, 0x00, 0x00, 0x00, 0x11, 0x00, 0x00, 0x00,
  0x00, 0x00, 0x00, 0x02, 0x8c, 0x01, 0x00, 0x00, 0xe4, 0xdb, 0xff, 0xff,
  0x08, 0x00, 0x00, 0x00, 0x6c, 0x00, 0x00, 0x00, 0x0c, 0x00, 0x00, 0x00,
  0x00, 0x00, 0x00, 0x00, 0x00, 0x00, 0x00, 0x00, 0x00, 0x00, 0x00, 0x00,
  0x00, 0x00, 0x00, 0x00, 0x00, 0x00, 0x00, 0x00, 0x00, 0x00, 0x00, 0x00,
  0x00, 0x00, 0x00, 0x00, 0x00, 0x00, 0x00, 0x00, 0x00, 0x00, 0x00, 0x00,
  0x00, 0x00, 0x00, 0x00, 0x00, 0x00, 0x00, 0x00, 0x00, 0x00, 0x00, 0x00,
  0x00, 0x00, 0x00, 0x00, 0x00, 0x00, 0x00, 0x00, 0x00, 0x00, 0x00, 0x00,
  0x00, 0x00, 0x00, 0x00, 0x00, 0x00, 0x00, 0x00, 0x00, 0x00, 0x00, 0x00,
  0x00, 0x00, 0x00, 0x00, 0x00, 0x00, 0x00, 0x00, 0x00, 0x00, 0x00, 0x00,
  0x00, 0x00, 0x00, 0x00, 0x00, 0x00, 0x00, 0x00, 0x00, 0x00, 0x00, 0x00,
  0x00, 0x00, 0x00, 0x00, 0x0c, 0x00, 0x00, 0x00, 0x10, 0xbc, 0x89, 0x38,
  0x73, 0xd4, 0x2b, 0x38, 0x77, 0x91, 0x82, 0x38, 0xe3, 0xe0, 0x78, 0x38,
  0x8a, 0x7d, 0x2a, 0x38, 0x50, 0xf2, 0xe8, 0x38, 0x4a, 0xb5, 0x70, 0x38,
  0xd6, 0xf5, 0x93, 0x38, 0x6a, 0x45, 0x31, 0x38, 0x67, 0x0c, 0xac, 0x38,
  0x2f, 0x0a, 0xc6, 0x38, 0x87, 0x2e, 0x18, 0x38, 0xdb, 0x00, 0x00, 0x00,
  0x45, 0x64, 0x67, 0x65, 0x41, 0x75, 0x64, 0x69, 0x6f, 0x52, 0x65, 0x73,
  0x44, 0x53, 0x43, 0x4e, 0x4e, 0x5f, 0x43, 0x6f, 0x6d, 0x70, 0x61, 0x63,
  0x74, 0x5f, 0x31, 0x2f, 0x72, 0x65, 0x5f, 0x6c, 0x75, 0x5f, 0x31, 0x2f,
  0x52, 0x65, 0x6c, 0x75, 0x3b, 0x45, 0x64, 0x67, 0x65, 0x41, 0x75, 0x64,
  0x69, 0x6f, 0x52, 0x65, 0x73, 0x44, 0x53, 0x43, 0x4e, 0x4e, 0x5f, 0x43,
  0x6f, 0x6d, 0x70, 0x61, 0x63, 0x74, 0x5f, 0x31, 0x2f, 0x62, 0x61, 0x74,
  0x63, 0x68, 0x5f, 0x6e, 0x6f, 0x72, 0x6d, 0x61, 0x6c, 0x69, 0x7a, 0x61,
  0x74, 0x69, 0x6f, 0x6e, 0x5f, 0x31, 0x2f, 0x62, 0x61, 0x74, 0x63, 0x68,
  0x6e, 0x6f, 0x72, 0x6d, 0x2f, 0x61, 0x64, 0x64, 0x5f, 0x31, 0x3b, 0x45,
  0x64, 0x67, 0x65, 0x41, 0x75, 0x64, 0x69, 0x6f, 0x52, 0x65, 0x73, 0x44,
  0x53, 0x43, 0x4e, 0x4e, 0x5f, 0x43, 0x6f, 0x6d, 0x70, 0x61, 0x63, 0x74,
  0x5f, 0x31, 0x2f, 0x63, 0x6f, 0x6e, 0x76, 0x32, 0x64, 0x5f, 0x31, 0x2f,
  0x63, 0x6f, 0x6e, 0x76, 0x6f, 0x6c, 0x75, 0x74, 0x69, 0x6f, 0x6e, 0x3b,
  0x45, 0x64, 0x67, 0x65, 0x41, 0x75, 0x64, 0x69, 0x6f, 0x52, 0x65, 0x73,
  0x44, 0x53, 0x43, 0x4e, 0x4e, 0x5f, 0x43, 0x6f, 0x6d, 0x70, 0x61, 0x63,
  0x74, 0x5f, 0x31, 0x2f, 0x62, 0x61, 0x74, 0x63, 0x68, 0x5f, 0x6e, 0x6f,
  0x72, 0x6d, 0x61, 0x6c, 0x69, 0x7a, 0x61, 0x74, 0x69, 0x6f, 0x6e, 0x5f,
  0x31, 0x2f, 0x62, 0x61, 0x74, 0x63, 0x68, 0x6e, 0x6f, 0x72, 0x6d, 0x2f,
  0x73, 0x75, 0x62, 0x00, 0x01, 0x00, 0x00, 0x00, 0x0c, 0x00, 0x00, 0x00,
  0x56, 0xde, 0xff, 0xff, 0x00, 0x00, 0x00, 0x01, 0x14, 0x00, 0x00, 0x00,
  0xb8, 0x00, 0x00, 0x00, 0x10, 0x00, 0x00, 0x00, 0x00, 0x00, 0x00, 0x09,
  0x70, 0x01, 0x00, 0x00, 0x02, 0xed, 0xff, 0xff, 0x03, 0x00, 0x00, 0x00,
  0x08, 0x00, 0x00, 0x00, 0x68, 0x00, 0x00, 0x00, 0x0c, 0x00, 0x00, 0x00,
  0x00, 0x00, 0x00, 0x00, 0x00, 0x00, 0x00, 0x00, 0x00, 0x00, 0x00, 0x00,
  0x00, 0x00, 0x00, 0x00, 0x00, 0x00, 0x00, 0x00, 0x00, 0x00, 0x00, 0x00,
  0x00, 0x00, 0x00, 0x00, 0x00, 0x00, 0x00, 0x00, 0x00, 0x00, 0x00, 0x00,
  0x00, 0x00, 0x00, 0x00, 0x00, 0x00, 0x00, 0x00, 0x00, 0x00, 0x00, 0x00,
  0x00, 0x00, 0x00, 0x00, 0x00, 0x00, 0x00, 0x00, 0x00, 0x00, 0x00, 0x00,
  0x00, 0x00, 0x00, 0x00, 0x00, 0x00, 0x00, 0x00, 0x00, 0x00, 0x00, 0x00,
  0x00, 0x00, 0x00, 0x00, 0x00, 0x00, 0x00, 0x00, 0x00, 0x00, 0x00, 0x00,
  0x00, 0x00, 0x00, 0x00, 0x00, 0x00, 0x00, 0x00, 0x00, 0x00, 0x00, 0x00,
  0x0c, 0x00, 0x00, 0x00, 0xf5, 0xe4, 0x95, 0x3c, 0x58, 0xc8, 0x57, 0x3c,
  0x9c, 0x43, 0x16, 0x3c, 0x92, 0x2d, 0x31, 0x3c, 0x3d, 0x12, 0xaa, 0x3c,
  0x94, 0xc6, 0x2e, 0x3c, 0x8f, 0xf9, 0x92, 0x3c, 0xb8, 0x45, 0x45, 0x3c,
  0xcd, 0x55, 0x4b, 0x3d, 0x22, 0x70, 0x0e, 0x3c, 0x0d, 0x1e, 0x4b, 0x3c,
  0x25, 0x83, 0x8c, 0x3c, 0xbe, 0x00, 0x00, 0x00, 0x45, 0x64, 0x67, 0x65,
  0x41, 0x75, 0x64, 0x69, 0x6f, 0x52, 0x65, 0x73, 0x44, 0x53, 0x43, 0x4e,
  0x4e, 0x5f, 0x43, 0x6f, 0x6d, 0x70, 0x61, 0x63, 0x74, 0x5f, 0x31, 0x2f,
  0x62, 0x61, 0x74, 0x63, 0x68, 0x5f, 0x6e, 0x6f, 0x72, 0x6d, 0x61, 0x6c,
  0x69, 0x7a, 0x61, 0x74, 0x69, 0x6f, 0x6e, 0x5f, 0x31, 0x5f, 0x32, 0x2f,
  0x62, 0x61, 0x74, 0x63, 0x68, 0x6e, 0x6f, 0x72, 0x6d, 0x2f, 0x6d, 0x75,
  0x6c, 0x5f, 0x31, 0x3b, 0x45, 0x64, 0x67, 0x65, 0x41, 0x75, 0x64, 0x69,
  0x6f, 0x52, 0x65, 0x73, 0x44, 0x53, 0x43, 0x4e, 0x4e, 0x5f, 0x43, 0x6f,
  0x6d, 0x70, 0x61, 0x63, 0x74, 0x5f, 0x31, 0x2f, 0x64, 0x65, 0x70, 0x74,
  0x68, 0x77, 0x69, 0x73, 0x65, 0x5f, 0x63, 0x6f, 0x6e, 0x76, 0x32, 0x64,
  0x5f, 0x31, 0x2f, 0x64, 0x65, 0x70, 0x74, 0x68, 0x77, 0x69, 0x73, 0x65,
  0x3b, 0x45, 0x64, 0x67, 0x65, 0x41, 0x75, 0x64, 0x69, 0x6f, 0x52, 0x65,
  0x73, 0x44, 0x53, 0x43, 0x4e, 0x4e, 0x5f, 0x43, 0x6f, 0x6d, 0x70, 0x61,
  0x63, 0x74, 0x5f, 0x31, 0x2f, 0x62, 0x61, 0x74, 0x63, 0x68, 0x5f, 0x6e,
  0x6f, 0x72, 0x6d, 0x61, 0x6c, 0x69, 0x7a, 0x61, 0x74, 0x69, 0x6f, 0x6e,
  0x5f, 0x31, 0x5f, 0x32, 0x2f, 0x62, 0x61, 0x74, 0x63, 0x68, 0x6e, 0x6f,
  0x72, 0x6d, 0x2f, 0x6d, 0x75, 0x6c, 0x00, 0x00, 0x04, 0x00, 0x00, 0x00,
  0x01, 0x00, 0x00, 0x00, 0x03, 0x00, 0x00, 0x00, 0x03, 0x00, 0x00, 0x00,
  0x0c, 0x00, 0x00, 0x00, 0xf2, 0xdf, 0xff, 0xff, 0x00, 0x00, 0x00, 0x01,
  0x14, 0x00, 0x00, 0x00, 0xb8, 0x00, 0x00, 0x00, 0x0f, 0x00, 0x00, 0x00,
  0x00, 0x00, 0x00, 0x02, 0x20, 0x02, 0x00, 0x00, 0x2c, 0xdf, 0xff, 0xff,
  0x08, 0x00, 0x00, 0x00, 0x6c, 0x00, 0x00, 0x00, 0x0c, 0x00, 0x00, 0x00,
  0x00, 0x00, 0x00, 0x00, 0x00, 0x00, 0x00, 0x00, 0x00, 0x00, 0x00, 0x00,
  0x00, 0x00, 0x00, 0x00, 0x00, 0x00, 0x00, 0x00, 0x00, 0x00, 0x00, 0x00,
  0x00, 0x00, 0x00, 0x00, 0x00, 0x00, 0x00, 0x00, 0x00, 0x00, 0x00, 0x00,
  0x00, 0x00, 0x00, 0x00, 0x00, 0x00, 0x00, 0x00, 0x00, 0x00, 0x00, 0x00,
  0x00, 0x00, 0x00, 0x00, 0x00, 0x00, 0x00, 0x00, 0x00, 0x00, 0x00, 0x00,
  0x00, 0x00, 0x00, 0x00, 0x00, 0x00, 0x00, 0x00, 0x00, 0x00, 0x00, 0x00,
  0x00, 0x00, 0x00, 0x00, 0x00, 0x00, 0x00, 0x00, 0x00, 0x00, 0x00, 0x00,
  0x00, 0x00, 0x00, 0x00, 0x00, 0x00, 0x00, 0x00, 0x00, 0x00, 0x00, 0x00,
  0x00, 0x00, 0x00, 0x00, 0x0c, 0x00, 0x00, 0x00, 0x96, 0xae, 0x99, 0x39,
  0x30, 0x3c, 0x5d, 0x39, 0xa1, 0x0f, 0x1a, 0x39, 0xb1, 0xa7, 0x35, 0x39,
  0x63, 0x5e, 0xae, 0x39, 0x29, 0x31, 0x33, 0x39, 0x4d, 0xb0, 0x96, 0x39,
  0xd3, 0x41, 0x4a, 0x39, 0x20, 0x79, 0x50, 0x3a, 0x87, 0x09, 0x12, 0x39,
  0xf7, 0x3f, 0x50, 0x39, 0x15, 0x10, 0x90, 0x39, 0x6f, 0x01, 0x00, 0x00,
  0x45, 0x64, 0x67, 0x65, 0x41, 0x75, 0x64, 0x69, 0x6f, 0x52, 0x65, 0x73,
  0x44, 0x53, 0x43, 0x4e, 0x4e, 0x5f, 0x43, 0x6f, 0x6d, 0x70, 0x61, 0x63,
  0x74, 0x5f, 0x31, 0x2f, 0x72, 0x65, 0x5f, 0x6c, 0x75, 0x5f, 0x31, 0x5f,
  0x32, 0x2f, 0x52, 0x65, 0x6c, 0x75, 0x3b, 0x45, 0x64, 0x67, 0x65, 0x41,
  0x75, 0x64, 0x69, 0x6f, 0x52, 0x65, 0x73, 0x44, 0x53, 0x43, 0x4e, 0x4e,
  0x5f, 0x43, 0x6f, 0x6d, 0x70, 0x61, 0x63, 0x74, 0x5f, 0x31, 0x2f, 0x62,
  0x61, 0x74, 0x63, 0x68, 0x5f, 0x6e, 0x6f, 0x72, 0x6d, 0x61, 0x6c, 0x69,
  0x7a, 0x61, 0x74, 0x69, 0x6f, 0x6e, 0x5f, 0x31, 0x5f, 0x32, 0x2f, 0x62,
  0x61, 0x74, 0x63, 0x68, 0x6e, 0x6f, 0x72, 0x6d, 0x2f, 0x61, 0x64, 0x64,
  0x5f, 0x31, 0x3b, 0x45, 0x64, 0x67, 0x65, 0x41, 0x75, 0x64, 0x69, 0x6f,
  0x52, 0x65, 0x73, 0x44, 0x53, 0x43, 0x4e, 0x4e, 0x5f, 0x43, 0x6f, 0x6d,
  0x70, 0x61, 0x63, 0x74, 0x5f, 0x31, 0x2f, 0x62, 0x61, 0x74, 0x63, 0x68,
  0x5f, 0x6e, 0x6f, 0x72, 0x6d, 0x61, 0x6c, 0x69, 0x7a, 0x61, 0x74, 0x69,
  0x6f, 0x6e, 0x5f, 0x31, 0x5f, 0x32, 0x2f, 0x62, 0x61, 0x74, 0x63, 0x68,
  0x6e, 0x6f, 0x72, 0x6d, 0x2f, 0x6d, 0x75, 0x6c, 0x5f, 0x31, 0x3b, 0x45,
  0x64, 0x67, 0x65, 0x41, 0x75, 0x64, 0x69, 0x6f, 0x52, 0x65, 0x73, 0x44,
  0x53, 0x43, 0x4e, 0x4e, 0x5f, 0x43, 0x6f, 0x6d, 0x70, 0x61, 0x63, 0x74,
  0x5f, 0x31, 0x2f, 0x64, 0x65, 0x70, 0x74, 0x68, 0x77, 0x69, 0x73, 0x65,
  0x5f, 0x63, 0x6f, 0x6e, 0x76, 0x32, 0x64, 0x5f, 0x31, 0x2f, 0x64, 0x65,
  0x70, 0x74, 0x68, 0x77, 0x69, 0x73, 0x65, 0x3b, 0x45, 0x64, 0x67, 0x65,
  0x41, 0x75, 0x64, 0x69, 0x6f, 0x52, 0x65, 0x73, 0x44, 0x53, 0x43, 0x4e,
  0x4e, 0x5f, 0x43, 0x6f, 0x6d, 0x70, 0x61, 0x63, 0x74, 0x5f, 0x31, 0x2f,
  0x62, 0x61, 0x74, 0x63, 0x68, 0x5f, 0x6e, 0x6f, 0x72, 0x6d, 0x61, 0x6c,
  0x69, 0x7a, 0x61, 0x74, 0x69, 0x6f, 0x6e, 0x5f, 0x31, 0x5f, 0x32, 0x2f,
  0x62, 0x61, 0x74, 0x63, 0x68, 0x6e, 0x6f, 0x72, 0x6d, 0x2f, 0x6d, 0x75,
  0x6c, 0x3b, 0x45, 0x64, 0x67, 0x65, 0x41, 0x75, 0x64, 0x69, 0x6f, 0x52,
  0x65, 0x73, 0x44, 0x53, 0x43, 0x4e, 0x4e, 0x5f, 0x43, 0x6f, 0x6d, 0x70,
  0x61, 0x63, 0x74, 0x5f, 0x31, 0x2f, 0x62, 0x61, 0x74, 0x63, 0x68, 0x5f,
  0x6e, 0x6f, 0x72, 0x6d, 0x61, 0x6c, 0x69, 0x7a, 0x61, 0x74, 0x69, 0x6f,
  0x6e, 0x5f, 0x31, 0x5f, 0x32, 0x2f, 0x62, 0x61, 0x74, 0x63, 0x68, 0x6e,
  0x6f, 0x72, 0x6d, 0x2f, 0x73, 0x75, 0x62, 0x00, 0x01, 0x00, 0x00, 0x00,
  0x0c, 0x00, 0x00, 0x00, 0x32, 0xe2, 0xff, 0xff, 0x00, 0x00, 0x00, 0x01,
  0x14, 0x00, 0x00, 0x00, 0x48, 0x01, 0x00, 0x00, 0x0e, 0x00, 0x00, 0x00,
  0x00, 0x00, 0x00, 0x09, 0x74, 0x01, 0x00, 0x00, 0x6c, 0xe1, 0xff, 0xff,
  0x08, 0x00, 0x00, 0x00, 0xcc, 0x00, 0x00, 0x00, 0x18, 0x00, 0x00, 0x00,
  0x00, 0x00, 0x00, 0x00, 0x00, 0x00, 0x00, 0x00, 0x00, 0x00, 0x00, 0x00,
  0x00, 0x00, 0x00, 0x00, 0x00, 0x00, 0x00, 0x00, 0x00, 0x00, 0x00, 0x00,
  0x00, 0x00, 0x00, 0x00, 0x00, 0x00, 0x00, 0x00, 0x00, 0x00, 0x00, 0x00,
  0x00, 0x00, 0x00, 0x00, 0x00, 0x00, 0x00, 0x00, 0x00, 0x00, 0x00, 0x00,
  0x00, 0x00, 0x00, 0x00, 0x00, 0x00, 0x00, 0x00, 0x00, 0x00, 0x00, 0x00,
  0x00, 0x00, 0x00, 0x00, 0x00, 0x00, 0x00, 0x00, 0x00, 0x00, 0x00, 0x00,
  0x00, 0x00, 0x00, 0x00, 0x00, 0x00, 0x00, 0x00, 0x00, 0x00, 0x00, 0x00,
  0x00, 0x00, 0x00, 0x00, 0x00, 0x00, 0x00, 0x00, 0x00, 0x00, 0x00, 0x00,
  0x00, 0x00, 0x00, 0x00, 0x00, 0x00, 0x00, 0x00, 0x00, 0x00, 0x00, 0x00,
  0x00, 0x00, 0x00, 0x00, 0x00, 0x00, 0x00, 0x00, 0x00, 0x00, 0x00, 0x00,
  0x00, 0x00, 0x00, 0x00, 0x00, 0x00, 0x00, 0x00, 0x00, 0x00, 0x00, 0x00,
  0x00, 0x00, 0x00, 0x00, 0x00, 0x00, 0x00, 0x00, 0x00, 0x00, 0x00, 0x00,
  0x00, 0x00, 0x00, 0x00, 0x00, 0x00, 0x00, 0x00, 0x00, 0x00, 0x00, 0x00,
  0x00, 0x00, 0x00, 0x00, 0x00, 0x00, 0x00, 0x00, 0x00, 0x00, 0x00, 0x00,
  0x00, 0x00, 0x00, 0x00, 0x00, 0x00, 0x00, 0x00, 0x00, 0x00, 0x00, 0x00,
  0x00, 0x00, 0x00, 0x00, 0x00, 0x00, 0x00, 0x00, 0x00, 0x00, 0x00, 0x00,
  0x00, 0x00, 0x00, 0x00, 0x18, 0x00, 0x00, 0x00, 0x12, 0x06, 0x02, 0x3b,
  0xb6, 0x41, 0xa5, 0x3b, 0xce, 0x8b, 0x55, 0x3b, 0x0c, 0xfe, 0x73, 0x3b,
  0xae, 0x6a, 0xde, 0x3b, 0x4a, 0x7f, 0xe6, 0x3b, 0x59, 0x50, 0x95, 0x3b,
  0x99, 0xac, 0x54, 0x3b, 0xba, 0xad, 0x6f, 0x3b, 0x91, 0x84, 0x9a, 0x3b,
  0xe3, 0x4d, 0xdd, 0x3b, 0x68, 0xb9, 0xcc, 0x3b, 0x29, 0xd1, 0xbb, 0x3b,
  0x69, 0x6b, 0xef, 0x3b, 0xdc, 0x28, 0x7d, 0x3b, 0xec, 0x76, 0xcb, 0x3b,
  0x72, 0xad, 0xfc, 0x3b, 0x99, 0x2a, 0x9d, 0x3b, 0x7c, 0x5a, 0x0e, 0x3c,
  0xa2, 0xe4, 0x45, 0x3b, 0x5a, 0x74, 0xc6, 0x3b, 0x2a, 0xcc, 0xd7, 0x3b,
  0x1d, 0x1e, 0xa9, 0x3b, 0xeb, 0x68, 0xdd, 0x3b, 0x32, 0x00, 0x00, 0x00,
  0x45, 0x64, 0x67, 0x65, 0x41, 0x75, 0x64, 0x69, 0x6f, 0x52, 0x65, 0x73,
  0x44, 0x53, 0x43, 0x4e, 0x4e, 0x5f, 0x43, 0x6f, 0x6d, 0x70, 0x61, 0x63,
  0x74, 0x5f, 0x31, 0x2f, 0x63, 0x6f, 0x6e, 0x76, 0x32, 0x64, 0x5f, 0x31,
  0x5f, 0x32, 0x2f, 0x63, 0x6f, 0x6e, 0x76, 0x6f, 0x6c, 0x75, 0x74, 0x69,
  0x6f, 0x6e, 0x00, 0x00, 0x04, 0x00, 0x00, 0x00, 0x18, 0x00, 0x00, 0x00,
  0x01, 0x00, 0x00, 0x00, 0x01, 0x00, 0x00, 0x00, 0x0c, 0x00, 0x00, 0x00,
  0xd2, 0xe3, 0xff, 0xff, 0x00, 0x00, 0x00, 0x01, 0x14, 0x00, 0x00, 0x00,
  0x48, 0x01, 0x00, 0x00, 0x0d, 0x00, 0x00, 0x00, 0x00, 0x00, 0x00, 0x02,
  0x24, 0x02, 0x00, 0x00, 0x0c, 0xe3, 0xff, 0xff, 0x08, 0x00, 0x00, 0x00,
  0xcc, 0x00, 0x00, 0x00, 0x18, 0x00, 0x00, 0x00, 0x00, 0x00, 0x00, 0x00,
  0x00, 0x00, 0x00, 0x00, 0x00, 0x00, 0x00, 0x00, 0x00, 0x00, 0x00, 0x00,
  0x00, 0x00, 0x00, 0x00, 0x00, 0x00, 0x00, 0x00, 0x00, 0x00, 0x00, 0x00,
  0x00, 0x00, 0x00, 0x00, 0x00, 0x00, 0x00, 0x00, 0x00, 0x00, 0x00, 0x00,
  0x00, 0x00, 0x00, 0x00, 0x00, 0x00, 0x00, 0x00, 0x00, 0x00, 0x00, 0x00,
  0x00, 0x00, 0x00, 0x00, 0x00, 0x00, 0x00, 0x00, 0x00, 0x00, 0x00, 0x00,
  0x00, 0x00, 0x00, 0x00, 0x00, 0x00, 0x00, 0x00, 0x00, 0x00, 0x00, 0x00,
  0x00, 0x00, 0x00, 0x00, 0x00, 0x00, 0x00, 0x00, 0x00, 0x00, 0x00, 0x00,
  0x00, 0x00, 0x00, 0x00, 0x00, 0x00, 0x00, 0x00, 0x00, 0x00, 0x00, 0x00,
  0x00, 0x00, 0x00, 0x00, 0x00, 0x00, 0x00, 0x00, 0x00, 0x00, 0x00, 0x00,
  0x00, 0x00, 0x00, 0x00, 0x00, 0x00, 0x00, 0x00, 0x00, 0x00, 0x00, 0x00,
  0x00, 0x00, 0x00, 0x00, 0x00, 0x00, 0x00, 0x00, 0x00, 0x00, 0x00, 0x00,
  0x00, 0x00, 0x00, 0x00, 0x00, 0x00, 0x00, 0x00, 0x00, 0x00, 0x00, 0x00,
  0x00, 0x00, 0x00, 0x00, 0x00, 0x00, 0x00, 0x00, 0x00, 0x00, 0x00, 0x00,
  0x00, 0x00, 0x00, 0x00, 0x00, 0x00, 0x00, 0x00, 0x00, 0x00, 0x00, 0x00,
  0x00, 0x00, 0x00, 0x00, 0x00, 0x00, 0x00, 0x00, 0x00, 0x00, 0x00, 0x00,
  0x00, 0x00, 0x00, 0x00, 0x00, 0x00, 0x00, 0x00, 0x00, 0x00, 0x00, 0x00,
  0x18, 0x00, 0x00, 0x00, 0xac, 0x28, 0x71, 0x38, 0xd6, 0x40, 0x19, 0x39,
  0x02, 0x09, 0xc6, 0x38, 0x1e, 0x45, 0xe2, 0x38, 0xf0, 0x42, 0x4e, 0x39,
  0x4b, 0xc1, 0x55, 0x39, 0xec, 0x77, 0x0a, 0x39, 0x04, 0x3a, 0xc5, 0x38,
  0x02, 0x45, 0xde, 0x38, 0x60, 0x4b, 0x0f, 0x39, 0xd5, 0x3a, 0x4d, 0x39,
  0xa6, 0xda, 0x3d, 0x39, 0xc9, 0x2c, 0x2e, 0x39, 0x82, 0x07, 0x5e, 0x39,
  0x78, 0xc5, 0xea, 0x38, 0x97, 0xaf, 0x3c, 0x39, 0x05, 0x53, 0x6a, 0x39,
  0x28, 0xc0, 0x11, 0x39, 0x7c, 0x03, 0x84, 0x39, 0xe6, 0x84, 0xb7, 0x38,
  0x2e, 0x0a, 0x38, 0x39, 0x81, 0x1f, 0x48, 0x39, 0x72, 0xd5, 0x1c, 0x39,
  0xe6, 0x53, 0x4d, 0x39, 0xe3, 0x00, 0x00, 0x00, 0x45, 0x64, 0x67, 0x65,
  0x41, 0x75, 0x64, 0x69, 0x6f, 0x52, 0x65, 0x73, 0x44, 0x53, 0x43, 0x4e,
  0x4e, 0x5f, 0x43, 0x6f, 0x6d, 0x70, 0x61, 0x63, 0x74, 0x5f, 0x31, 0x2f,
  0x72, 0x65, 0x5f, 0x6c, 0x75, 0x5f, 0x32, 0x5f, 0x31, 0x2f, 0x52, 0x65,
  0x6c, 0x75, 0x3b, 0x45, 0x64, 0x67, 0x65, 0x41, 0x75, 0x64, 0x69, 0x6f,
  0x52, 0x65, 0x73, 0x44, 0x53, 0x43, 0x4e, 0x4e, 0x5f, 0x43, 0x6f, 0x6d,
  0x70, 0x61, 0x63, 0x74, 0x5f, 0x31, 0x2f, 0x62, 0x61, 0x74, 0x63, 0x68,
  0x5f, 0x6e, 0x6f, 0x72, 0x6d, 0x61, 0x6c, 0x69, 0x7a, 0x61, 0x74, 0x69,
  0x6f, 0x6e, 0x5f, 0x32, 0x5f, 0x31, 0x2f, 0x62, 0x61, 0x74, 0x63, 0x68,
  0x6e, 0x6f, 0x72, 0x6d, 0x2f, 0x61, 0x64, 0x64, 0x5f, 0x31, 0x3b, 0x45,
  0x64, 0x67, 0x65, 0x41, 0x75, 0x64, 0x69, 0x6f, 0x52, 0x65, 0x73, 0x44,
  0x53, 0x43, 0x4e, 0x4e, 0x5f, 0x43, 0x6f, 0x6d, 0x70, 0x61, 0x63, 0x74,
  0x5f, 0x31, 0x2f, 0x63, 0x6f, 0x6e, 0x76, 0x32, 0x64, 0x5f, 0x31, 0x5f,
  0x32, 0x2f, 0x63, 0x6f, 0x6e, 0x76, 0x6f, 0x6c, 0x75, 0x74, 0x69, 0x6f,
  0x6e, 0x3b, 0x45, 0x64, 0x67, 0x65, 0x41, 0x75, 0x64, 0x69, 0x6f, 0x52,
  0x65, 0x73, 0x44, 0x53, 0x43, 0x4e, 0x4e, 0x5f, 0x43, 0x6f, 0x6d, 0x70,
  0x61, 0x63, 0x74, 0x5f, 0x31, 0x2f, 0x62, 0x61, 0x74, 0x63, 0x68, 0x5f,
  0x6e, 0x6f, 0x72, 0x6d, 0x61, 0x6c, 0x69, 0x7a, 0x61, 0x74, 0x69, 0x6f,
  0x6e, 0x5f, 0x32, 0x5f, 0x31, 0x2f, 0x62, 0x61, 0x74, 0x63, 0x68, 0x6e,
  0x6f, 0x72, 0x6d, 0x2f, 0x73, 0x75, 0x62, 0x00, 0x01, 0x00, 0x00, 0x00,
  0x18, 0x00, 0x00, 0x00, 0x16, 0xe6, 0xff, 0xff, 0x00, 0x00, 0x00, 0x01,
  0x14, 0x00, 0x00, 0x00, 0x4c, 0x01, 0x00, 0x00, 0x0c, 0x00, 0x00, 0x00,
  0x00, 0x00, 0x00, 0x09, 0x08, 0x02, 0x00, 0x00, 0xc2, 0xf4, 0xff, 0xff,
  0x03, 0x00, 0x00, 0x00, 0x08, 0x00, 0x00, 0x00, 0xcc, 0x00, 0x00, 0x00,
  0x18, 0x00, 0x00, 0x00, 0x00, 0x00, 0x00, 0x00, 0x00, 0x00, 0x00, 0x00,
  0x00, 0x00, 0x00, 0x00, 0x00, 0x00, 0x00, 0x00, 0x00, 0x00, 0x00, 0x00,
  0x00, 0x00, 0x00, 0x00, 0x00, 0x00, 0x00, 0x00, 0x00, 0x00, 0x00, 0x00,
  0x00, 0x00, 0x00, 0x00, 0x00, 0x00, 0x00, 0x00, 0x00, 0x00, 0x00, 0x00,
  0x00, 0x00, 0x00, 0x00, 0x00, 0x00, 0x00, 0x00, 0x00, 0x00, 0x00, 0x00,
  0x00, 0x00, 0x00, 0x00, 0x00, 0x00, 0x00, 0x00, 0x00, 0x00, 0x00, 0x00,
  0x00, 0x00, 0x00, 0x00, 0x00, 0x00, 0x00, 0x00, 0x00, 0x00, 0x00, 0x00,
  0x00, 0x00, 0x00, 0x00, 0x00, 0x00, 0x00, 0x00, 0x00, 0x00, 0x00, 0x00,
  0x00, 0x00, 0x00, 0x00, 0x00, 0x00, 0x00, 0x00, 0x00, 0x00, 0x00, 0x00,
  0x00, 0x00, 0x00, 0x00, 0x00, 0x00, 0x00, 0x00, 0x00, 0x00, 0x00, 0x00,
  0x00, 0x00, 0x00, 0x00, 0x00, 0x00, 0x00, 0x00, 0x00, 0x00, 0x00, 0x00,
  0x00, 0x00, 0x00, 0x00, 0x00, 0x00, 0x00, 0x00, 0x00, 0x00, 0x00, 0x00,
  0x00, 0x00, 0x00, 0x00, 0x00, 0x00, 0x00, 0x00, 0x00, 0x00, 0x00, 0x00,
  0x00, 0x00, 0x00, 0x00, 0x00, 0x00, 0x00, 0x00, 0x00, 0x00, 0x00, 0x00,
  0x00, 0x00, 0x00, 0x00, 0x00, 0x00, 0x00, 0x00, 0x00, 0x00, 0x00, 0x00,
  0x00, 0x00, 0x00, 0x00, 0x00, 0x00, 0x00, 0x00, 0x00, 0x00, 0x00, 0x00,
  0x00, 0x00, 0x00, 0x00, 0x00, 0x00, 0x00, 0x00, 0x18, 0x00, 0x00, 0x00,
  0x8d, 0xe5, 0x71, 0x3c, 0x1a, 0x49, 0x03, 0x3c, 0xd8, 0x35, 0x36, 0x3c,
  0xd5, 0x14, 0x61, 0x3c, 0x1e, 0x15, 0xb3, 0x3b, 0xc8, 0xbe, 0x8c, 0x3b,
  0x28, 0x2f, 0x48, 0x3c, 0x4c, 0x82, 0x84, 0x3c, 0x6d, 0x4d, 0x88, 0x3c,
  0xcb, 0x91, 0x9e, 0x3c, 0x84, 0xc5, 0x8d, 0x3c, 0xc5, 0x1b, 0x97, 0x3b,
  0x46, 0x42, 0x9b, 0x3b, 0x3c, 0xb1, 0x82, 0x3c, 0x56, 0x80, 0xf9, 0x3b,
  0xbb, 0x61, 0xa3, 0x3c, 0x4c, 0xa6, 0x14, 0x3c, 0xc4, 0x6d, 0x0e, 0x3c,
  0xc8, 0xb2, 0x72, 0x3b, 0x88, 0x1a, 0x10, 0x3c, 0x3b, 0x1f, 0x6e, 0x3b,
  0xef, 0x5b, 0x33, 0x3c, 0xa7, 0xcc, 0x31, 0x3c, 0x0b, 0xa7, 0x62, 0x3c,
  0xc0, 0x00, 0x00, 0x00, 0x45, 0x64, 0x67, 0x65, 0x41, 0x75, 0x64, 0x69,
  0x6f, 0x52, 0x65, 0x73, 0x44, 0x53, 0x43, 0x4e, 0x4e, 0x5f, 0x43, 0x6f,
  0x6d, 0x70, 0x61, 0x63, 0x74, 0x5f, 0x31, 0x2f, 0x62, 0x61, 0x74, 0x63,
  0x68, 0x5f, 0x6e, 0x6f, 0x72, 0x6d, 0x61, 0x6c, 0x69, 0x7a, 0x61, 0x74,
  0x69, 0x6f, 0x6e, 0x5f, 0x33, 0x5f, 0x31, 0x2f, 0x62, 0x61, 0x74, 0x63,
  0x68, 0x6e, 0x6f, 0x72, 0x6d, 0x2f, 0x6d, 0x75, 0x6c, 0x5f, 0x31, 0x3b,
  0x45, 0x64, 0x67, 0x65, 0x41, 0x75, 0x64, 0x69, 0x6f, 0x52, 0x65, 0x73,
  0x44, 0x53, 0x43, 0x4e, 0x4e, 0x5f, 0x43, 0x6f, 0x6d, 0x70, 0x61, 0x63,
  0x74, 0x5f, 0x31, 0x2f, 0x64, 0x65, 0x70, 0x74, 0x68, 0x77, 0x69, 0x73,
  0x65, 0x5f, 0x63, 0x6f, 0x6e, 0x76, 0x32, 0x64, 0x5f, 0x31, 0x5f, 0x32,
  0x2f, 0x64, 0x65, 0x70, 0x74, 0x68, 0x77, 0x69, 0x73, 0x65, 0x3b, 0x45,
  0x64, 0x67, 0x65, 0x41, 0x75, 0x64, 0x69, 0x6f, 0x52, 0x65, 0x73, 0x44,
  0x53, 0x43, 0x4e, 0x4e, 0x5f, 0x43, 0x6f, 0x6d, 0x70, 0x61, 0x63, 0x74,
  0x5f, 0x31, 0x2f, 0x62, 0x61, 0x74, 0x63, 0x68, 0x5f, 0x6e, 0x6f, 0x72,
  0x6d, 0x61, 0x6c, 0x69, 0x7a, 0x61, 0x74, 0x69, 0x6f, 0x6e, 0x5f, 0x33,
  0x5f, 0x31, 0x2f, 0x62, 0x61, 0x74, 0x63, 0x68, 0x6e, 0x6f, 0x72, 0x6d,
  0x2f, 0x6d, 0x75, 0x6c, 0x00, 0x00, 0x00, 0x00, 0x04, 0x00, 0x00, 0x00,
  0x01, 0x00, 0x00, 0x00, 0x03, 0x00, 0x00, 0x00, 0x03, 0x00, 0x00, 0x00,
  0x18, 0x00, 0x00, 0x00, 0x4a, 0xe8, 0xff, 0xff, 0x00, 0x00, 0x00, 0x01,
  0x14, 0x00, 0x00, 0x00, 0x44, 0x01, 0x00, 0x00, 0x0b, 0x00, 0x00, 0x00,
  0x00, 0x00, 0x00, 0x02, 0xb0, 0x02, 0x00, 0x00, 0x84, 0xe7, 0xff, 0xff,
  0x08, 0x00, 0x00, 0x00, 0xc8, 0x00, 0x00, 0x00, 0x18, 0x00, 0x00, 0x00,
  0x00, 0x00, 0x00, 0x00, 0x00, 0x00, 0x00, 0x00, 0x00, 0x00, 0x00, 0x00,
  0x00, 0x00, 0x00, 0x00, 0x00, 0x00, 0x00, 0x00, 0x00, 0x00, 0x00, 0x00,
  0x00, 0x00, 0x00, 0x00, 0x00, 0x00, 0x00, 0x00, 0x00, 0x00, 0x00, 0x00,
  0x00, 0x00, 0x00, 0x00, 0x00, 0x00, 0x00, 0x00, 0x00, 0x00, 0x00, 0x00,
  0x00, 0x00, 0x00, 0x00, 0x00, 0x00, 0x00, 0x00, 0x00, 0x00, 0x00, 0x00,
  0x00, 0x00, 0x00, 0x00, 0x00, 0x00, 0x00, 0x00, 0x00, 0x00, 0x00, 0x00,
  0x00, 0x00, 0x00, 0x00, 0x00, 0x00, 0x00, 0x00, 0x00, 0x00, 0x00, 0x00,
  0x00, 0x00, 0x00, 0x00, 0x00, 0x00, 0x00, 0x00, 0x00, 0x00, 0x00, 0x00,
  0x00, 0x00, 0x00, 0x00, 0x00, 0x00, 0x00, 0x00, 0x00, 0x00, 0x00, 0x00,
  0x00, 0x00, 0x00, 0x00, 0x00, 0x00, 0x00, 0x00, 0x00, 0x00, 0x00, 0x00,
  0x00, 0x00, 0x00, 0x00, 0x00, 0x00, 0x00, 0x00, 0x00, 0x00, 0x00, 0x00,
  0x00, 0x00, 0x00, 0x00, 0x00, 0x00, 0x00, 0x00, 0x00, 0x00, 0x00, 0x00,
  0x00, 0x00, 0x00, 0x00, 0x00, 0x00, 0x00, 0x00, 0x00, 0x00, 0x00, 0x00,
  0x00, 0x00, 0x00, 0x00, 0x00, 0x00, 0x00, 0x00, 0x00, 0x00, 0x00, 0x00,
  0x00, 0x00, 0x00, 0x00, 0x00, 0x00, 0x00, 0x00, 0x00, 0x00, 0x00, 0x00,
  0x00, 0x00, 0x00, 0x00, 0x00, 0x00, 0x00, 0x00, 0x00, 0x00, 0x00, 0x00,
  0x18, 0x00, 0x00, 0x00, 0xfc, 0xb0, 0xcb, 0x39, 0xb6, 0x19, 0x5d, 0x39,
  0x90, 0x6e, 0x99, 0x39, 0x28, 0x88, 0xbd, 0x39, 0x4e, 0xcc, 0x16, 0x39,
  0x1b, 0x08, 0xed, 0x38, 0x24, 0x91, 0xa8, 0x39, 0x2b, 0x29, 0xdf, 0x39,
  0xaa, 0x8c, 0xe5, 0x39, 0x61, 0x86, 0x05, 0x3a, 0x95, 0xc2, 0xee, 0x39,
  0x0d, 0x7c, 0xfe, 0x38, 0xb8, 0xbc, 0x02, 0x39, 0xf3, 0x19, 0xdc, 0x39,
  0x4b, 0x18, 0x52, 0x39, 0xbe, 0x93, 0x09, 0x3a, 0xf2, 0x57, 0x7a, 0x39,
  0xef, 0xdd, 0x6f, 0x39, 0xcd, 0x5d, 0xcc, 0x38, 0x07, 0xb0, 0x72, 0x39,
  0x49, 0x83, 0xc8, 0x38, 0xf0, 0x07, 0x97, 0x39, 0xb8, 0xb7, 0x95, 0x39,
  0xd7, 0xda, 0xbe, 0x39, 0x71, 0x01, 0x00, 0x00, 0x45, 0x64, 0x67, 0x65,
  0x41, 0x75, 0x64, 0x69, 0x6f, 0x52, 0x65, 0x73, 0x44, 0x53, 0x43, 0x4e,
  0x4e, 0x5f, 0x43, 0x6f, 0x6d, 0x70, 0x61, 0x63, 0x74, 0x5f, 0x31, 0x2f,
  0x72, 0x65, 0x5f, 0x6c, 0x75, 0x5f, 0x33, 0x5f, 0x31, 0x2f, 0x52, 0x65,
  0x6c, 0x75, 0x3b, 0x45, 0x64, 0x67, 0x65, 0x41, 0x75, 0x64, 0x69, 0x6f,
  0x52, 0x65, 0x73, 0x44, 0x53, 0x43, 0x4e, 0x4e, 0x5f, 0x43, 0x6f, 0x6d,
  0x70, 0x61, 0x63, 0x74, 0x5f, 0x31, 0x2f, 0x62, 0x61, 0x74, 0x63, 0x68,
  0x5f, 0x6e, 0x6f, 0x72, 0x6d, 0x61, 0x6c, 0x69, 0x7a, 0x61, 0x74, 0x69,
  0x6f, 0x6e, 0x5f, 0x33, 0x5f, 0x31, 0x2f, 0x62, 0x61, 0x74, 0x63, 0x68,
  0x6e, 0x6f, 0x72, 0x6d, 0x2f, 0x61, 0x64, 0x64, 0x5f, 0x31, 0x3b, 0x45,
  0x64, 0x67, 0x65, 0x41, 0x75, 0x64, 0x69, 0x6f, 0x52, 0x65, 0x73, 0x44,
  0x53, 0x43, 0x4e, 0x4e, 0x5f, 0x43, 0x6f, 0x6d, 0x70, 0x61, 0x63, 0x74,
  0x5f, 0x31, 0x2f, 0x62, 0x61, 0x74, 0x63, 0x68, 0x5f, 0x6e, 0x6f, 0x72,
  0x6d, 0x61, 0x6c, 0x69, 0x7a, 0x61, 0x74, 0x69, 0x6f, 0x6e, 0x5f, 0x33,
  0x5f, 0x31, 0x2f, 0x62, 0x61, 0x74, 0x63, 0x68, 0x6e, 0x6f, 0x72, 0x6d,
  0x2f, 0x6d, 0x75, 0x6c, 0x5f, 0x31, 0x3b, 0x45, 0x64, 0x67, 0x65, 0x41,
  0x75, 0x64, 0x69, 0x6f, 0x52, 0x65, 0x73, 0x44, 0x53, 0x43, 0x4e, 0x4e,
  0x5f, 0x43, 0x6f, 0x6d, 0x70, 0x61, 0x63, 0x74, 0x5f, 0x31, 0x2f, 0x64,
  0x65, 0x70, 0x74, 0x68, 0x77, 0x69, 0x73, 0x65, 0x5f, 0x63, 0x6f, 0x6e,
  0x76, 0x32, 0x64, 0x5f, 0x31, 0x5f, 0x32, 0x2f, 0x64, 0x65, 0x70, 0x74,
  0x68, 0x77, 0x69, 0x73, 0x65, 0x3b, 0x45, 0x64, 0x67, 0x65, 0x41, 0x75,
  0x64, 0x69, 0x6f, 0x52, 0x65, 0x73, 0x44, 0x53, 0x43, 0x4e, 0x4e, 0x5f,
  0x43, 0x6f, 0x6d, 0x70, 0x61, 0x63, 0x74, 0x5f, 0x31, 0x2f, 0x62, 0x61,
  0x74, 0x63, 0x68, 0x5f, 0x6e, 0x6f, 0x72, 0x6d, 0x61, 0x6c, 0x69, 0x7a,
  0x61, 0x74, 0x69, 0x6f, 0x6e, 0x5f, 0x33, 0x5f, 0x31, 0x2f, 0x62, 0x61,
  0x74, 0x63, 0x68, 0x6e, 0x6f, 0x72, 0x6d, 0x2f, 0x6d, 0x75, 0x6c, 0x3b,
  0x45, 0x64, 0x67, 0x65, 0x41, 0x75, 0x64, 0x69, 0x6f, 0x52, 0x65, 0x73,
  0x44, 0x53, 0x43, 0x4e, 0x4e, 0x5f, 0x43, 0x6f, 0x6d, 0x70, 0x61, 0x63,
  0x74, 0x5f, 0x31, 0x2f, 0x62, 0x61, 0x74, 0x63, 0x68, 0x5f, 0x6e, 0x6f,
  0x72, 0x6d, 0x61, 0x6c, 0x69, 0x7a, 0x61, 0x74, 0x69, 0x6f, 0x6e, 0x5f,
  0x33, 0x5f, 0x31, 0x2f, 0x62, 0x61, 0x74, 0x63, 0x68, 0x6e, 0x6f, 0x72,
  0x6d, 0x2f, 0x73, 0x75, 0x62, 0x00, 0x00, 0x00, 0x01, 0x00, 0x00, 0x00,
  0x18, 0x00, 0x00, 0x00, 0x1a, 0xeb, 0xff, 0xff, 0x00, 0x00, 0x00, 0x01,
  0x14, 0x00, 0x00, 0x00, 0x68, 0x02, 0x00, 0x00, 0x0a, 0x00, 0x00, 0x00,
  0x00, 0x00, 0x00, 0x09, 0x94, 0x02, 0x00, 0x00, 0x54, 0xea, 0xff, 0xff,
  0x08, 0x00, 0x00, 0x00, 0x8c, 0x01, 0x00, 0x00, 0x30, 0x00, 0x00, 0x00,
  0x00, 0x00, 0x00, 0x00, 0x00, 0x00, 0x00, 0x00, 0x00, 0x00, 0x00, 0x00,
  0x00, 0x00, 0x00, 0x00, 0x00, 0x00, 0x00, 0x00, 0x00, 0x00, 0x00, 0x00,
  0x00, 0x00, 0x00, 0x00, 0x00, 0x00, 0x00, 0x00, 0x00, 0x00, 0x00, 0x00,
  0x00, 0x00, 0x00, 0x00, 0x00, 0x00, 0x00, 0x00, 0x00, 0x00, 0x00, 0x00,
  0x00, 0x00, 0x00, 0x00, 0x00, 0x00, 0x00, 0x00, 0x00, 0x00, 0x00, 0x00,
  0x00, 0x00, 0x00, 0x00, 0x00, 0x00, 0x00, 0x00, 0x00, 0x00, 0x00, 0x00,
  0x00, 0x00, 0x00, 0x00, 0x00, 0x00, 0x00, 0x00, 0x00, 0x00, 0x00, 0x00,
  0x00, 0x00, 0x00, 0x00, 0x00, 0x00, 0x00, 0x00, 0x00, 0x00, 0x00, 0x00,
  0x00, 0x00, 0x00, 0x00, 0x00, 0x00, 0x00, 0x00, 0x00, 0x00, 0x00, 0x00,
  0x00, 0x00, 0x00, 0x00, 0x00, 0x00, 0x00, 0x00, 0x00, 0x00, 0x00, 0x00,
  0x00, 0x00, 0x00, 0x00, 0x00, 0x00, 0x00, 0x00, 0x00, 0x00, 0x00, 0x00,
  0x00, 0x00, 0x00, 0x00, 0x00, 0x00, 0x00, 0x00, 0x00, 0x00, 0x00, 0x00,
  0x00, 0x00, 0x00, 0x00, 0x00, 0x00, 0x00, 0x00, 0x00, 0x00, 0x00, 0x00,
  0x00, 0x00, 0x00, 0x00, 0x00, 0x00, 0x00, 0x00, 0x00, 0x00, 0x00, 0x00,
  0x00, 0x00, 0x00, 0x00, 0x00, 0x00, 0x00, 0x00, 0x00, 0x00, 0x00, 0x00,
  0x00, 0x00, 0x00, 0x00, 0x00, 0x00, 0x00, 0x00, 0x00, 0x00, 0x00, 0x00,
  0x00, 0x00, 0x00, 0x00, 0x00, 0x00, 0x00, 0x00, 0x00, 0x00, 0x00, 0x00,
  0x00, 0x00, 0x00, 0x00, 0x00, 0x00, 0x00, 0x00, 0x00, 0x00, 0x00, 0x00,
  0x00, 0x00, 0x00, 0x00, 0x00, 0x00, 0x00, 0x00, 0x00, 0x00, 0x00, 0x00,
  0x00, 0x00, 0x00, 0x00, 0x00, 0x00, 0x00, 0x00, 0x00, 0x00, 0x00, 0x00,
  0x00, 0x00, 0x00, 0x00, 0x00, 0x00, 0x00, 0x00, 0x00, 0x00, 0x00, 0x00,
  0x00, 0x00, 0x00, 0x00, 0x00, 0x00, 0x00, 0x00, 0x00, 0x00, 0x00, 0x00,
  0x00, 0x00, 0x00, 0x00, 0x00, 0x00, 0x00, 0x00, 0x00, 0x00, 0x00, 0x00,
  0x00, 0x00, 0x00, 0x00, 0x00, 0x00, 0x00, 0x00, 0x00, 0x00, 0x00, 0x00,
  0x00, 0x00, 0x00, 0x00, 0x00, 0x00, 0x00, 0x00, 0x00, 0x00, 0x00, 0x00,
  0x00, 0x00, 0x00, 0x00, 0x00, 0x00, 0x00, 0x00, 0x00, 0x00, 0x00, 0x00,
  0x00, 0x00, 0x00, 0x00, 0x00, 0x00, 0x00, 0x00, 0x00, 0x00, 0x00, 0x00,
  0x00, 0x00, 0x00, 0x00, 0x00, 0x00, 0x00, 0x00, 0x00, 0x00, 0x00, 0x00,
  0x00, 0x00, 0x00, 0x00, 0x00, 0x00, 0x00, 0x00, 0x00, 0x00, 0x00, 0x00,
  0x00, 0x00, 0x00, 0x00, 0x00, 0x00, 0x00, 0x00, 0x00, 0x00, 0x00, 0x00,
  0x00, 0x00, 0x00, 0x00, 0x00, 0x00, 0x00, 0x00, 0x00, 0x00, 0x00, 0x00,
  0x00, 0x00, 0x00, 0x00, 0x00, 0x00, 0x00, 0x00, 0x00, 0x00, 0x00, 0x00,
  0x00, 0x00, 0x00, 0x00, 0x30, 0x00, 0x00, 0x00, 0xe4, 0xd8, 0xb0, 0x3b,
  0x99, 0xb1, 0xf5, 0x3b, 0x65, 0x3b, 0x94, 0x3b, 0x72, 0x3a, 0x81, 0x3b,
  0x0e, 0xcf, 0xb5, 0x3b, 0xfa, 0xf8, 0xbe, 0x3b, 0x61, 0x55, 0x97, 0x3b,
  0x5d, 0xf7, 0x98, 0x3b, 0xf3, 0xf6, 0x08, 0x3c, 0x23, 0xcd, 0xb4, 0x3b,
  0x56, 0xb9, 0x9e, 0x3b, 0xff, 0x0d, 0xa4, 0x3b, 0xfb, 0x9c, 0x07, 0x3c,
  0x50, 0x70, 0xa2, 0x3b, 0xa4, 0xd1, 0x85, 0x3b, 0xac, 0x36, 0xb1, 0x3b,
  0x13, 0x05, 0xef, 0x3b, 0xd1, 0x74, 0xa3, 0x3b, 0xa4, 0x09, 0xa7, 0x3b,
  0xec, 0xfe, 0xa2, 0x3b, 0x11, 0xaa, 0xe2, 0x3b, 0x56, 0xad, 0x84, 0x3b,
  0x82, 0x09, 0xae, 0x3b, 0xbd, 0xc3, 0x9e, 0x3b, 0x1f, 0x67, 0xec, 0x3b,
  0xe3, 0x5c, 0xb3, 0x3b, 0x4a, 0xcc, 0xab, 0x3b, 0x29, 0xa0, 0xa1, 0x3b,
  0xf0, 0x91, 0x82, 0x3b, 0x49, 0x11, 0xbb, 0x3b, 0x2d, 0x77, 0xbc, 0x3b,
  0xa3, 0x94, 0xa6, 0x3b, 0x47, 0x12, 0x87, 0x3b, 0x46, 0x16, 0x0a, 0x3c,
  0xb2, 0xa9, 0xe3, 0x3b, 0x78, 0xab, 0xc4, 0x3b, 0x3c, 0xf6, 0xca, 0x3b,
  0x9b, 0x1a, 0xa0, 0x3b, 0x6b, 0xc3, 0x8c, 0x3b, 0xcf, 0xfa, 0xc1, 0x3b,
  0x05, 0x45, 0x6c, 0x3b, 0xc8, 0x66, 0x1d, 0x3c, 0x5b, 0xad, 0xd8, 0x3b,
  0xcf, 0x0b, 0xd7, 0x3b, 0x4c, 0xd1, 0xad, 0x3b, 0x90, 0x89, 0x83, 0x3b,
  0x17, 0xf0, 0xb0, 0x3b, 0xd1, 0xf1, 0x47, 0x3b, 0x32, 0x00, 0x00, 0x00,
  0x45, 0x64, 0x67, 0x65, 0x41, 0x75, 0x64, 0x69, 0x6f, 0x52, 0x65, 0x73,
  0x44, 0x53, 0x43, 0x4e, 0x4e, 0x5f, 0x43, 0x6f, 0x6d, 0x70, 0x61, 0x63,
  0x74, 0x5f, 0x31, 0x2f, 0x63, 0x6f, 0x6e, 0x76, 0x32, 0x64, 0x5f, 0x32,
  0x5f, 0x31, 0x2f, 0x63, 0x6f, 0x6e, 0x76, 0x6f, 0x6c, 0x75, 0x74, 0x69,
  0x6f, 0x6e, 0x00, 0x00, 0x04, 0x00, 0x00, 0x00, 0x30, 0x00, 0x00, 0x00,
  0x01, 0x00, 0x00, 0x00, 0x01, 0x00, 0x00, 0x00, 0x18, 0x00, 0x00, 0x00,
  0xda, 0xed, 0xff, 0xff, 0x00, 0x00, 0x00, 0x01, 0x14, 0x00, 0x00, 0x00,
  0x64, 0x02, 0x00, 0x00, 0x09, 0x00, 0x00, 0x00, 0x00, 0x00, 0x00, 0x02,
  0x40, 0x03, 0x00, 0x00, 0x14, 0xed, 0xff, 0xff, 0x08, 0x00, 0x00, 0x00,
  0x88, 0x01, 0x00, 0x00, 0x30, 0x00, 0x00, 0x00, 0x00, 0x00, 0x00, 0x00,
  0x00, 0x00, 0x00, 0x00, 0x00, 0x00, 0x00, 0x00, 0x00, 0x00, 0x00, 0x00,
  0x00, 0x00, 0x00, 0x00, 0x00, 0x00, 0x00, 0x00, 0x00, 0x00, 0x00, 0x00,
  0x00, 0x00, 0x00, 0x00, 0x00, 0x00, 0x00, 0x00, 0x00, 0x00, 0x00, 0x00,
  0x00, 0x00, 0x00, 0x00, 0x00, 0x00, 0x00, 0x00, 0x00, 0x00, 0x00, 0x00,
  0x00, 0x00, 0x00, 0x00, 0x00, 0x00, 0x00, 0x00, 0x00, 0x00, 0x00, 0x00,
  0x00, 0x00, 0x00, 0x00, 0x00, 0x00, 0x00, 0x00, 0x00, 0x00, 0x00, 0x00,
  0x00, 0x00, 0x00, 0x00, 0x00, 0x00, 0x00, 0x00, 0x00, 0x00, 0x00, 0x00,
  0x00, 0x00, 0x00, 0x00, 0x00, 0x00, 0x00, 0x00, 0x00, 0x00, 0x00, 0x00,
  0x00, 0x00, 0x00, 0x00, 0x00, 0x00, 0x00, 0x00, 0x00, 0x00, 0x00, 0x00,
  0x00, 0x00, 0x00, 0x00, 0x00, 0x00, 0x00, 0x00, 0x00, 0x00, 0x00, 0x00,
  0x00, 0x00, 0x00, 0x00, 0x00, 0x00, 0x00, 0x00, 0x00, 0x00, 0x00, 0x00,
  0x00, 0x00, 0x00, 0x00, 0x00, 0x00, 0x00, 0x00, 0x00, 0x00, 0x00, 0x00,
  0x00, 0x00, 0x00, 0x00, 0x00, 0x00, 0x00, 0x00, 0x00, 0x00, 0x00, 0x00,
  0x00, 0x00, 0x00, 0x00, 0x00, 0x00, 0x00, 0x00, 0x00, 0x00, 0x00, 0x00,
  0x00, 0x00, 0x00, 0x00, 0x00, 0x00, 0x00, 0x00, 0x00, 0x00, 0x00, 0x00,
  0x00, 0x00, 0x00, 0x00, 0x00, 0x00, 0x00, 0x00, 0x00, 0x00, 0x00, 0x00,
  0x00, 0x00, 0x00, 0x00, 0x00, 0x00, 0x00, 0x00, 0x00, 0x00, 0x00, 0x00,
  0x00, 0x00, 0x00, 0x00, 0x00, 0x00, 0x00, 0x00, 0x00, 0x00, 0x00, 0x00,
  0x00, 0x00, 0x00, 0x00, 0x00, 0x00, 0x00, 0x00, 0x00, 0x00, 0x00, 0x00,
  0x00, 0x00, 0x00, 0x00, 0x00, 0x00, 0x00, 0x00, 0x00, 0x00, 0x00, 0x00,
  0x00, 0x00, 0x00, 0x00, 0x00, 0x00, 0x00, 0x00, 0x00, 0x00, 0x00, 0x00,
  0x00, 0x00, 0x00, 0x00, 0x00, 0x00, 0x00, 0x00, 0x00, 0x00, 0x00, 0x00,
  0x00, 0x00, 0x00, 0x00, 0x00, 0x00, 0x00, 0x00, 0x00, 0x00, 0x00, 0x00,
  0x00, 0x00, 0x00, 0x00, 0x00, 0x00, 0x00, 0x00, 0x00, 0x00, 0x00, 0x00,
  0x00, 0x00, 0x00, 0x00, 0x00, 0x00, 0x00, 0x00, 0x00, 0x00, 0x00, 0x00,
  0x00, 0x00, 0x00, 0x00, 0x00, 0x00, 0x00, 0x00, 0x00, 0x00, 0x00, 0x00,
  0x00, 0x00, 0x00, 0x00, 0x00, 0x00, 0x00, 0x00, 0x00, 0x00, 0x00, 0x00,
  0x00, 0x00, 0x00, 0x00, 0x00, 0x00, 0x00, 0x00, 0x00, 0x00, 0x00, 0x00,
  0x00, 0x00, 0x00, 0x00, 0x00, 0x00, 0x00, 0x00, 0x00, 0x00, 0x00, 0x00,
  0x00, 0x00, 0x00, 0x00, 0x00, 0x00, 0x00, 0x00, 0x00, 0x00, 0x00, 0x00,
  0x00, 0x00, 0x00, 0x00, 0x00, 0x00, 0x00, 0x00, 0x00, 0x00, 0x00, 0x00,
  0x00, 0x00, 0x00, 0x00, 0x00, 0x00, 0x00, 0x00, 0x30, 0x00, 0x00, 0x00,
  0x6b, 0xcf, 0x34, 0x39, 0x15, 0x33, 0x7b, 0x39, 0xc4, 0x8d, 0x17, 0x39,
  0xcc, 0x1f, 0x04, 0x39, 0x0c, 0xe2, 0x39, 0x39, 0x8a, 0x40, 0x43, 0x39,
  0x8b, 0xb9, 0x1a, 0x39, 0xe5, 0x64, 0x1c, 0x39, 0xaf, 0x08, 0x8c, 0x39,
  0x5a, 0xda, 0x38, 0x39, 0xe6, 0x47, 0x22, 0x39, 0x23, 0xbb, 0x27, 0x39,
  0xf6, 0xa6, 0x8a, 0x39, 0x2f, 0x14, 0x26, 0x39, 0x54, 0xd1, 0x08, 0x39,
  0x4d, 0x2f, 0x35, 0x39, 0x46, 0x60, 0x74, 0x39, 0x86, 0x1e, 0x27, 0x39,
  0xe5, 0xc7, 0x2a, 0x39, 0xfd, 0xa5, 0x26, 0x39, 0x62, 0xbe, 0x67, 0x39,
  0x79, 0xa6, 0x07, 0x39, 0xeb, 0xef, 0x31, 0x39, 0x88, 0x52, 0x22, 0x39,
  0x4e, 0xb3, 0x71, 0x39, 0xd9, 0x61, 0x37, 0x39, 0xda, 0xa5, 0x2f, 0x39,
  0x5e, 0x3f, 0x25, 0x39, 0xfc, 0x7e, 0x05, 0x39, 0x72, 0x42, 0x3f, 0x39,
  0x5b, 0xb0, 0x40, 0x39, 0x45, 0x50, 0x2a, 0x39, 0x26, 0x19, 0x0a, 0x39,
  0x72, 0x2e, 0x8d, 0x39, 0xbe, 0xc3, 0x68, 0x39, 0xb7, 0x13, 0x49, 0x39,
  0x94, 0x82, 0x4f, 0x39, 0x15, 0xb1, 0x23, 0x39, 0xf1, 0xea, 0x0f, 0x39,
  0x9f, 0x53, 0x46, 0x39, 0x71, 0x90, 0xf1, 0x38, 0xc1, 0xed, 0xa0, 0x39,
  0x61, 0x88, 0x5d, 0x39, 0x7a, 0xdd, 0x5b, 0x39, 0x72, 0xb6, 0x31, 0x39,
  0x29, 0x7c, 0x06, 0x39, 0x24, 0xe7, 0x34, 0x39, 0xda, 0x6c, 0xcc, 0x38,
  0xe3, 0x00, 0x00, 0x00, 0x45, 0x64, 0x67, 0x65, 0x41, 0x75, 0x64, 0x69,
  0x6f, 0x52, 0x65, 0x73, 0x44, 0x53, 0x43, 0x4e, 0x4e, 0x5f, 0x43, 0x6f,
  0x6d, 0x70, 0x61, 0x63, 0x74, 0x5f, 0x31, 0x2f, 0x72, 0x65, 0x5f, 0x6c,
  0x75, 0x5f, 0x34, 0x5f, 0x31, 0x2f, 0x52, 0x65, 0x6c, 0x75, 0x3b, 0x45,
  0x64, 0x67, 0x65, 0x41, 0x75, 0x64, 0x69, 0x6f, 0x52, 0x65, 0x73, 0x44,
  0x53, 0x43, 0x4e, 0x4e, 0x5f, 0x43, 0x6f, 0x6d, 0x70, 0x61, 0x63, 0x74,
  0x5f, 0x31, 0x2f, 0x62, 0x61, 0x74, 0x63, 0x68, 0x5f, 0x6e, 0x6f, 0x72,
  0x6d, 0x61, 0x6c, 0x69, 0x7a, 0x61, 0x74, 0x69, 0x6f, 0x6e, 0x5f, 0x34,
  0x5f, 0x31, 0x2f, 0x62, 0x61, 0x74, 0x63, 0x68, 0x6e, 0x6f, 0x72, 0x6d,
  0x2f, 0x61, 0x64, 0x64, 0x5f, 0x31, 0x3b, 0x45, 0x64, 0x67, 0x65, 0x41,
  0x75, 0x64, 0x69, 0x6f, 0x52, 0x65, 0x73, 0x44, 0x53, 0x43, 0x4e, 0x4e,
  0x5f, 0x43, 0x6f, 0x6d, 0x70, 0x61, 0x63, 0x74, 0x5f, 0x31, 0x2f, 0x63,
  0x6f, 0x6e, 0x76, 0x32, 0x64, 0x5f, 0x32, 0x5f, 0x31, 0x2f, 0x63, 0x6f,
  0x6e, 0x76, 0x6f, 0x6c, 0x75, 0x74, 0x69, 0x6f, 0x6e, 0x3b, 0x45, 0x64,
  0x67, 0x65, 0x41, 0x75, 0x64, 0x69, 0x6f, 0x52, 0x65, 0x73, 0x44, 0x53,
  0x43, 0x4e, 0x4e, 0x5f, 0x43, 0x6f, 0x6d, 0x70, 0x61, 0x63, 0x74, 0x5f,
  0x31, 0x2f, 0x62, 0x61, 0x74, 0x63, 0x68, 0x5f, 0x6e, 0x6f, 0x72, 0x6d,
  0x61, 0x6c, 0x69, 0x7a, 0x61, 0x74, 0x69, 0x6f, 0x6e, 0x5f, 0x34, 0x5f,
  0x31, 0x2f, 0x62, 0x61, 0x74, 0x63, 0x68, 0x6e, 0x6f, 0x72, 0x6d, 0x2f,
  0x73, 0x75, 0x62, 0x00, 0x01, 0x00, 0x00, 0x00, 0x30, 0x00, 0x00, 0x00,
  0x00, 0x00, 0x16, 0x00, 0x1e, 0x00, 0x18, 0x00, 0x17, 0x00, 0x10, 0x00,
  0x0c, 0x00, 0x08, 0x00, 0x00, 0x00, 0x00, 0x00, 0x00, 0x00, 0x07, 0x00,
  0x16, 0x00, 0x00, 0x00, 0x00, 0x00, 0x00, 0x01, 0x28, 0x00, 0x00, 0x00,
  0x80, 0x02, 0x00, 0x00, 0x08, 0x00, 0x00, 0x00, 0x00, 0x00, 0x00, 0x09,
  0x3c, 0x03, 0x00, 0x00, 0x00, 0x00, 0x12, 0x00, 0x10, 0x00, 0x00, 0x00,
  0x00, 0x00, 0x0c, 0x00, 0x08, 0x00, 0x00, 0x00, 0x00, 0x00, 0x04, 0x00,
  0x12, 0x00, 0x00, 0x00, 0x03, 0x00, 0x00, 0x00, 0x08, 0x00, 0x00, 0x00,
  0x8c, 0x01, 0x00, 0x00, 0x30, 0x00, 0x00, 0x00, 0x00, 0x00, 0x00, 0x00,
  0x00, 0x00, 0x00, 0x00, 0x00, 0x00, 0x00, 0x00, 0x00, 0x00, 0x00, 0x00,
  0x00, 0x00, 0x00, 0x00, 0x00, 0x00, 0x00, 0x00, 0x00, 0x00, 0x00, 0x00,
  0x00, 0x00, 0x00, 0x00, 0x00, 0x00, 0x00, 0x00, 0x00, 0x00, 0x00, 0x00,
  0x00, 0x00, 0x00, 0x00, 0x00, 0x00, 0x00, 0x00, 0x00, 0x00, 0x00, 0x00,
  0x00, 0x00, 0x00, 0x00, 0x00, 0x00, 0x00, 0x00, 0x00, 0x00, 0x00, 0x00,
  0x00, 0x00, 0x00, 0x00, 0x00, 0x00, 0x00, 0x00, 0x00, 0x00, 0x00, 0x00,
  0x00, 0x00, 0x00, 0x00, 0x00, 0x00, 0x00, 0x00, 0x00, 0x00, 0x00, 0x00,
  0x00, 0x00, 0x00, 0x00, 0x00, 0x00, 0x00, 0x00, 0x00, 0x00, 0x00, 0x00,
  0x00, 0x00, 0x00, 0x00, 0x00, 0x00, 0x00, 0x00, 0x00, 0x00, 0x00, 0x00,
  0x00, 0x00, 0x00, 0x00, 0x00, 0x00, 0x00, 0x00, 0x00, 0x00, 0x00, 0x00,
  0x00, 0x00, 0x00, 0x00, 0x00, 0x00, 0x00, 0x00, 0x00, 0x00, 0x00, 0x00,
  0x00, 0x00, 0x00, 0x00, 0x00, 0x00, 0x00, 0x00, 0x00, 0x00, 0x00, 0x00,
  0x00, 0x00, 0x00, 0x00, 0x00, 0x00, 0x00, 0x00, 0x00, 0x00, 0x00, 0x00,
  0x00, 0x00, 0x00, 0x00, 0x00, 0x00, 0x00, 0x00, 0x00, 0x00, 0x00, 0x00,
  0x00, 0x00, 0x00, 0x00, 0x00, 0x00, 0x00, 0x00, 0x00, 0x00, 0x00, 0x00,
  0x00, 0x00, 0x00, 0x00, 0x00, 0x00, 0x00, 0x00, 0x00, 0x00, 0x00, 0x00,
  0x00, 0x00, 0x00, 0x00, 0x00, 0x00, 0x00, 0x00, 0x00, 0x00, 0x00, 0x00,
  0x00, 0x00, 0x00, 0x00, 0x00, 0x00, 0x00, 0x00, 0x00, 0x00, 0x00, 0x00,
  0x00, 0x00, 0x00, 0x00, 0x00, 0x00, 0x00, 0x00, 0x00, 0x00, 0x00, 0x00,
  0x00, 0x00, 0x00, 0x00, 0x00, 0x00, 0x00, 0x00, 0x00, 0x00, 0x00, 0x00,
  0x00, 0x00, 0x00, 0x00, 0x00, 0x00, 0x00, 0x00, 0x00, 0x00, 0x00, 0x00,
  0x00, 0x00, 0x00, 0x00, 0x00, 0x00, 0x00, 0x00, 0x00, 0x00, 0x00, 0x00,
  0x00, 0x00, 0x00, 0x00, 0x00, 0x00, 0x00, 0x00, 0x00, 0x00, 0x00, 0x00,
  0x00, 0x00, 0x00, 0x00, 0x00, 0x00, 0x00, 0x00, 0x00, 0x00, 0x00, 0x00,
  0x00, 0x00, 0x00, 0x00, 0x00, 0x00, 0x00, 0x00, 0x00, 0x00, 0x00, 0x00,
  0x00, 0x00, 0x00, 0x00, 0x00, 0x00, 0x00, 0x00, 0x00, 0x00, 0x00, 0x00,
  0x00, 0x00, 0x00, 0x00, 0x00, 0x00, 0x00, 0x00, 0x00, 0x00, 0x00, 0x00,
  0x00, 0x00, 0x00, 0x00, 0x00, 0x00, 0x00, 0x00, 0x00, 0x00, 0x00, 0x00,
  0x00, 0x00, 0x00, 0x00, 0x00, 0x00, 0x00, 0x00, 0x00, 0x00, 0x00, 0x00,
  0x00, 0x00, 0x00, 0x00, 0x00, 0x00, 0x00, 0x00, 0x00, 0x00, 0x00, 0x00,
  0x00, 0x00, 0x00, 0x00, 0x00, 0x00, 0x00, 0x00, 0x00, 0x00, 0x00, 0x00,
  0x00, 0x00, 0x00, 0x00, 0x00, 0x00, 0x00, 0x00, 0x00, 0x00, 0x00, 0x00,
  0x30, 0x00, 0x00, 0x00, 0xe1, 0x68, 0xac, 0x3b, 0xee, 0x1c, 0x3a, 0x3b,
  0xdb, 0xa6, 0x0e, 0x3c, 0x0f, 0x7b, 0x96, 0x3c, 0x90, 0x1b, 0x9f, 0x3b,
  0x52, 0xba, 0x54, 0x3b, 0xcc, 0xce, 0xbe, 0x3c, 0x7e, 0x45, 0x7a, 0x3b,
  0xa9, 0x6b, 0xed, 0x3b, 0x05, 0x5c, 0xd2, 0x3b, 0x53, 0xa2, 0x0a, 0x3b,
  0x88, 0xdd, 0x33, 0x3b, 0x97, 0xe5, 0xa2, 0x3b, 0x4f, 0x5a, 0xa1, 0x3b,
  0x49, 0x6a, 0x85, 0x3c, 0x55, 0x8e, 0x7c, 0x3b, 0xe9, 0xef, 0x06, 0x3c,
  0xf3, 0x19, 0x1d, 0x3c, 0x75, 0xee, 0xac, 0x3b, 0x9e, 0x42, 0x93, 0x3b,
  0xf5, 0x67, 0x23, 0x3b, 0x4e, 0xcf, 0xd9, 0x3b, 0x5c, 0xa2, 0xed, 0x3b,
  0xb9, 0x6f, 0x41, 0x3b, 0x2c, 0x52, 0x24, 0x3c, 0xfd, 0x26, 0x40, 0x3b,
  0x16, 0x73, 0x15, 0x3c, 0x32, 0xf6, 0xe2, 0x3b, 0x4d, 0x57, 0x2e, 0x3c,
  0xd0, 0x5a, 0x10, 0x3c, 0xc4, 0x67, 0xcd, 0x3b, 0xd0, 0x2b, 0x12, 0x3c,
  0x92, 0xec, 0xd3, 0x3b, 0x53, 0x20, 0x54, 0x3b, 0xf3, 0x33, 0x81, 0x3b,
  0x67, 0x13, 0x5d, 0x3b, 0x4d, 0x9d, 0xa6, 0x3b, 0x9a, 0xf8, 0x62, 0x3c,
  0xc4, 0x15, 0x07, 0x3c, 0x6e, 0x84, 0xa5, 0x3b, 0xf1, 0xc7, 0x5d, 0x3c,
  0x50, 0x90, 0xb8, 0x3a, 0x79, 0x44, 0xc9, 0x3b, 0xe3, 0x5f, 0x28, 0x3c,
  0x46, 0x24, 0xfd, 0x3b, 0xd6, 0x46, 0xcb, 0x3b, 0x1e, 0xcc, 0xbd, 0x3b,
  0x91, 0x40, 0x03, 0x3c, 0xc0, 0x00, 0x00, 0x00, 0x45, 0x64, 0x67, 0x65,
  0x41, 0x75, 0x64, 0x69, 0x6f, 0x52, 0x65, 0x73, 0x44, 0x53, 0x43, 0x4e,
  0x4e, 0x5f, 0x43, 0x6f, 0x6d, 0x70, 0x61, 0x63, 0x74, 0x5f, 0x31, 0x2f,
  0x62, 0x61, 0x74, 0x63, 0x68, 0x5f, 0x6e, 0x6f, 0x72, 0x6d, 0x61, 0x6c,
  0x69, 0x7a, 0x61, 0x74, 0x69, 0x6f, 0x6e, 0x5f, 0x35, 0x5f, 0x31, 0x2f,
  0x62, 0x61, 0x74, 0x63, 0x68, 0x6e, 0x6f, 0x72, 0x6d, 0x2f, 0x6d, 0x75,
  0x6c, 0x5f, 0x31, 0x3b, 0x45, 0x64, 0x67, 0x65, 0x41, 0x75, 0x64, 0x69,
  0x6f, 0x52, 0x65, 0x73, 0x44, 0x53, 0x43, 0x4e, 0x4e, 0x5f, 0x43, 0x6f,
  0x6d, 0x70, 0x61, 0x63, 0x74, 0x5f, 0x31, 0x2f, 0x64, 0x65, 0x70, 0x74,
  0x68, 0x77, 0x69, 0x73, 0x65, 0x5f, 0x63, 0x6f, 0x6e, 0x76, 0x32, 0x64,
  0x5f, 0x32, 0x5f, 0x31, 0x2f, 0x64, 0x65, 0x70, 0x74, 0x68, 0x77, 0x69,
  0x73, 0x65, 0x3b, 0x45, 0x64, 0x67, 0x65, 0x41, 0x75, 0x64, 0x69, 0x6f,
  0x52, 0x65, 0x73, 0x44, 0x53, 0x43, 0x4e, 0x4e, 0x5f, 0x43, 0x6f, 0x6d,
  0x70, 0x61, 0x63, 0x74, 0x5f, 0x31, 0x2f, 0x62, 0x61, 0x74, 0x63, 0x68,
  0x5f, 0x6e, 0x6f, 0x72, 0x6d, 0x61, 0x6c, 0x69, 0x7a, 0x61, 0x74, 0x69,
  0x6f, 0x6e, 0x5f, 0x35, 0x5f, 0x31, 0x2f, 0x62, 0x61, 0x74, 0x63, 0x68,
  0x6e, 0x6f, 0x72, 0x6d, 0x2f, 0x6d, 0x75, 0x6c, 0x00, 0x00, 0x00, 0x00,
  0x04, 0x00, 0x00, 0x00, 0x01, 0x00, 0x00, 0x00, 0x03, 0x00, 0x00, 0x00,
  0x03, 0x00, 0x00, 0x00, 0x30, 0x00, 0x00, 0x00, 0xba, 0xf4, 0xff, 0xff,
  0x00, 0x00, 0x00, 0x01, 0x14, 0x00, 0x00, 0x00, 0x64, 0x02, 0x00, 0x00,
  0x07, 0x00, 0x00, 0x00, 0x00, 0x00, 0x00, 0x02, 0xd0, 0x03, 0x00, 0x00,
  0xf4, 0xf3, 0xff, 0xff, 0x08, 0x00, 0x00, 0x00, 0x88, 0x01, 0x00, 0x00,
  0x30, 0x00, 0x00, 0x00, 0x00, 0x00, 0x00, 0x00, 0x00, 0x00, 0x00, 0x00,
  0x00, 0x00, 0x00, 0x00, 0x00, 0x00, 0x00, 0x00, 0x00, 0x00, 0x00, 0x00,
  0x00, 0x00, 0x00, 0x00, 0x00, 0x00, 0x00, 0x00, 0x00, 0x00, 0x00, 0x00,
  0x00, 0x00, 0x00, 0x00, 0x00, 0x00, 0x00, 0x00, 0x00, 0x00, 0x00, 0x00,
  0x00, 0x00, 0x00, 0x00, 0x00, 0x00, 0x00, 0x00, 0x00, 0x00, 0x00, 0x00,
  0x00, 0x00, 0x00, 0x00, 0x00, 0x00, 0x00, 0x00, 0x00, 0x00, 0x00, 0x00,
  0x00, 0x00, 0x00, 0x00, 0x00, 0x00, 0x00, 0x00, 0x00, 0x00, 0x00, 0x00,
  0x00, 0x00, 0x00, 0x00, 0x00, 0x00, 0x00, 0x00, 0x00, 0x00, 0x00, 0x00,
  0x00, 0x00, 0x00, 0x00, 0x00, 0x00, 0x00, 0x00, 0x00, 0x00, 0x00, 0x00,
  0x00, 0x00, 0x00, 0x00, 0x00, 0x00, 0x00, 0x00, 0x00, 0x00, 0x00, 0x00,
  0x00, 0x00, 0x00, 0x00, 0x00, 0x00, 0x00, 0x00, 0x00, 0x00, 0x00, 0x00,
  0x00, 0x00, 0x00, 0x00, 0x00, 0x00, 0x00, 0x00, 0x00, 0x00, 0x00, 0x00,
  0x00, 0x00, 0x00, 0x00, 0x00, 0x00, 0x00, 0x00, 0x00, 0x00, 0x00, 0x00,
  0x00, 0x00, 0x00, 0x00, 0x00, 0x00, 0x00, 0x00, 0x00, 0x00, 0x00, 0x00,
  0x00, 0x00, 0x00, 0x00, 0x00, 0x00, 0x00, 0x00, 0x00, 0x00, 0x00, 0x00,
  0x00, 0x00, 0x00, 0x00, 0x00, 0x00, 0x00, 0x00, 0x00, 0x00, 0x00, 0x00,
  0x00, 0x00, 0x00, 0x00, 0x00, 0x00, 0x00, 0x00, 0x00, 0x00, 0x00, 0x00,
  0x00, 0x00, 0x00, 0x00, 0x00, 0x00, 0x00, 0x00, 0x00, 0x00, 0x00, 0x00,
  0x00, 0x00, 0x00, 0x00, 0x00, 0x00, 0x00, 0x00, 0x00, 0x00, 0x00, 0x00,
  0x00, 0x00, 0x00, 0x00, 0x00, 0x00, 0x00, 0x00, 0x00, 0x00, 0x00, 0x00,
  0x00, 0x00, 0x00, 0x00, 0x00, 0x00, 0x00, 0x00, 0x00, 0x00, 0x00, 0x00,
  0x00, 0x00, 0x00, 0x00, 0x00, 0x00, 0x00, 0x00, 0x00, 0x00, 0x00, 0x00,
  0x00, 0x00, 0x00, 0x00, 0x00, 0x00, 0x00, 0x00, 0x00, 0x00, 0x00, 0x00,
  0x00, 0x00, 0x00, 0x00, 0x00, 0x00, 0x00, 0x00, 0x00, 0x00, 0x00, 0x00,
  0x00, 0x00, 0x00, 0x00, 0x00, 0x00, 0x00, 0x00, 0x00, 0x00, 0x00, 0x00,
  0x00, 0x00, 0x00, 0x00, 0x00, 0x00, 0x00, 0x00, 0x00, 0x00, 0x00, 0x00,
  0x00, 0x00, 0x00, 0x00, 0x00, 0x00, 0x00, 0x00, 0x00, 0x00, 0x00, 0x00,
  0x00, 0x00, 0x00, 0x00, 0x00, 0x00, 0x00, 0x00, 0x00, 0x00, 0x00, 0x00,
  0x00, 0x00, 0x00, 0x00, 0x00, 0x00, 0x00, 0x00, 0x00, 0x00, 0x00, 0x00,
  0x00, 0x00, 0x00, 0x00, 0x00, 0x00, 0x00, 0x00, 0x00, 0x00, 0x00, 0x00,
  0x00, 0x00, 0x00, 0x00, 0x00, 0x00, 0x00, 0x00, 0x00, 0x00, 0x00, 0x00,
  0x00, 0x00, 0x00, 0x00, 0x00, 0x00, 0x00, 0x00, 0x00, 0x00, 0x00, 0x00,
  0x00, 0x00, 0x00, 0x00, 0x30, 0x00, 0x00, 0x00, 0x8e, 0x36, 0x58, 0x39,
  0xe1, 0x65, 0xe9, 0x38, 0x0d, 0xe5, 0xb2, 0x39, 0x74, 0xb6, 0x3c, 0x3a,
  0x10, 0x88, 0x47, 0x39, 0x29, 0x63, 0x05, 0x39, 0x1a, 0x49, 0x6f, 0x3a,
  0xaf, 0xed, 0x1c, 0x39, 0xd9, 0xde, 0x94, 0x39, 0xfd, 0xe6, 0x83, 0x39,
  0x34, 0xdb, 0xad, 0x38, 0x21, 0x90, 0xe1, 0x38, 0x8a, 0x48, 0x4c, 0x39,
  0xd5, 0x58, 0x4a, 0x39, 0xb9, 0x4f, 0x27, 0x3a, 0x65, 0x5c, 0x1e, 0x39,
  0x57, 0x38, 0xa9, 0x39, 0xf5, 0x03, 0xc5, 0x39, 0x12, 0xde, 0x58, 0x39,
  0x8d, 0xac, 0x38, 0x39, 0x08, 0xec, 0xcc, 0x38, 0xec, 0x92, 0x88, 0x39,
  0x26, 0x01, 0x95, 0x39, 0xfe, 0x94, 0xf2, 0x38, 0xc0, 0x11, 0xce, 0x39,
  0xbd, 0xf8, 0xf0, 0x38, 0x6a, 0x6b, 0xbb, 0x39, 0xfd, 0x4f, 0x8e, 0x39,
  0x97, 0xa2, 0xda, 0x39, 0xc5, 0x07, 0xb5, 0x39, 0xc1, 0xcb, 0x80, 0x39,
  0xe9, 0x4e, 0xb7, 0x39, 0x26, 0xe2, 0x84, 0x39, 0x9a, 0x02, 0x05, 0x39,
  0x6b, 0x07, 0x22, 0x39, 0x2e, 0x9f, 0x0a, 0x39, 0x0c, 0xf2, 0x50, 0x39,
  0x80, 0x51, 0x0e, 0x3a, 0xd0, 0x67, 0xa9, 0x39, 0xd1, 0x91, 0x4f, 0x39,
  0x63, 0x10, 0x0b, 0x3a, 0x7f, 0x74, 0x67, 0x38, 0x15, 0x67, 0x7c, 0x39,
  0x1d, 0x27, 0xd3, 0x39, 0x6a, 0xba, 0x9e, 0x39, 0x21, 0xec, 0x7e, 0x39,
  0xb3, 0x04, 0x6e, 0x39, 0x53, 0x99, 0xa4, 0x39, 0x71, 0x01, 0x00, 0x00,
  0x45, 0x64, 0x67, 0x65, 0x41, 0x75, 0x64, 0x69, 0x6f, 0x52, 0x65, 0x73,
  0x44, 0x53, 0x43, 0x4e, 0x4e, 0x5f, 0x43, 0x6f, 0x6d, 0x70, 0x61, 0x63,
  0x74, 0x5f, 0x31, 0x2f, 0x72, 0x65, 0x5f, 0x6c, 0x75, 0x5f, 0x35, 0x5f,
  0x31, 0x2f, 0x52, 0x65, 0x6c, 0x75, 0x3b, 0x45, 0x64, 0x67, 0x65, 0x41,
  0x75, 0x64, 0x69, 0x6f, 0x52, 0x65, 0x73, 0x44, 0x53, 0x43, 0x4e, 0x4e,
  0x5f, 0x43, 0x6f, 0x6d, 0x70, 0x61, 0x63, 0x74, 0x5f, 0x31, 0x2f, 0x62,
  0x61, 0x74, 0x63, 0x68, 0x5f, 0x6e, 0x6f, 0x72, 0x6d, 0x61, 0x6c, 0x69,
  0x7a, 0x61, 0x74, 0x69, 0x6f, 0x6e, 0x5f, 0x35, 0x5f, 0x31, 0x2f, 0x62,
  0x61, 0x74, 0x63, 0x68, 0x6e, 0x6f, 0x72, 0x6d, 0x2f, 0x61, 0x64, 0x64,
  0x5f, 0x31, 0x3b, 0x45, 0x64, 0x67, 0x65, 0x41, 0x75, 0x64, 0x69, 0x6f,
  0x52, 0x65, 0x73, 0x44, 0x53, 0x43, 0x4e, 0x4e, 0x5f, 0x43, 0x6f, 0x6d,
  0x70, 0x61, 0x63, 0x74, 0x5f, 0x31, 0x2f, 0x62, 0x61, 0x74, 0x63, 0x68,
  0x5f, 0x6e, 0x6f, 0x72, 0x6d, 0x61, 0x6c, 0x69, 0x7a, 0x61, 0x74, 0x69,
  0x6f, 0x6e, 0x5f, 0x35, 0x5f, 0x31, 0x2f, 0x62, 0x61, 0x74, 0x63, 0x68,
  0x6e, 0x6f, 0x72, 0x6d, 0x2f, 0x6d, 0x75, 0x6c, 0x5f, 0x31, 0x3b, 0x45,
  0x64, 0x67, 0x65, 0x41, 0x75, 0x64, 0x69, 0x6f, 0x52, 0x65, 0x73, 0x44,
  0x53, 0x43, 0x4e, 0x4e, 0x5f, 0x43, 0x6f, 0x6d, 0x70, 0x61, 0x63, 0x74,
  0x5f, 0x31, 0x2f, 0x64, 0x65, 0x70, 0x74, 0x68, 0x77, 0x69, 0x73, 0x65,
  0x5f, 0x63, 0x6f, 0x6e, 0x76, 0x32, 0x64, 0x5f, 0x32, 0x5f, 0x31, 0x2f,
  0x64, 0x65, 0x70, 0x74, 0x68, 0x77, 0x69, 0x73, 0x65, 0x3b, 0x45, 0x64,
  0x67, 0x65, 0x41, 0x75, 0x64, 0x69, 0x6f, 0x52, 0x65, 0x73, 0x44, 0x53,
  0x43, 0x4e, 0x4e, 0x5f, 0x43, 0x6f, 0x6d, 0x70, 0x61, 0x63, 0x74, 0x5f,
  0x31, 0x2f, 0x62, 0x61, 0x74, 0x63, 0x68, 0x5f, 0x6e, 0x6f, 0x72, 0x6d,
  0x61, 0x6c, 0x69, 0x7a, 0x61, 0x74, 0x69, 0x6f, 0x6e, 0x5f, 0x35, 0x5f,
  0x31, 0x2f, 0x62, 0x61, 0x74, 0x63, 0x68, 0x6e, 0x6f, 0x72, 0x6d, 0x2f,
  0x6d, 0x75, 0x6c, 0x3b, 0x45, 0x64, 0x67, 0x65, 0x41, 0x75, 0x64, 0x69,
  0x6f, 0x52, 0x65, 0x73, 0x44, 0x53, 0x43, 0x4e, 0x4e, 0x5f, 0x43, 0x6f,
  0x6d, 0x70, 0x61, 0x63, 0x74, 0x5f, 0x31, 0x2f, 0x62, 0x61, 0x74, 0x63,
  0x68, 0x5f, 0x6e, 0x6f, 0x72, 0x6d, 0x61, 0x6c, 0x69, 0x7a, 0x61, 0x74,
  0x69, 0x6f, 0x6e, 0x5f, 0x35, 0x5f, 0x31, 0x2f, 0x62, 0x61, 0x74, 0x63,
  0x68, 0x6e, 0x6f, 0x72, 0x6d, 0x2f, 0x73, 0x75, 0x62, 0x00, 0x00, 0x00,
  0x01, 0x00, 0x00, 0x00, 0x30, 0x00, 0x00, 0x00, 0xaa, 0xf8, 0xff, 0xff,
  0x00, 0x00, 0x00, 0x01, 0x14, 0x00, 0x00, 0x00, 0x68, 0x02, 0x00, 0x00,
  0x06, 0x00, 0x00, 0x00, 0x00, 0x00, 0x00, 0x09, 0x94, 0x02, 0x00, 0x00,
  0xe4, 0xf7, 0xff, 0xff, 0x08, 0x00, 0x00, 0x00, 0x8c, 0x01, 0x00, 0x00,
  0x30, 0x00, 0x00, 0x00, 0x00, 0x00, 0x00, 0x00, 0x00, 0x00, 0x00, 0x00,
  0x00, 0x00, 0x00, 0x00, 0x00, 0x00, 0x00, 0x00, 0x00, 0x00, 0x00, 0x00,
  0x00, 0x00, 0x00, 0x00, 0x00, 0x00, 0x00, 0x00, 0x00, 0x00, 0x00, 0x00,
  0x00, 0x00, 0x00, 0x00, 0x00, 0x00, 0x00, 0x00, 0x00, 0x00, 0x00, 0x00,
  0x00, 0x00, 0x00, 0x00, 0x00, 0x00, 0x00, 0x00, 0x00, 0x00, 0x00, 0x00,
  0x00, 0x00, 0x00, 0x00, 0x00, 0x00, 0x00, 0x00, 0x00, 0x00, 0x00, 0x00,
  0x00, 0x00, 0x00, 0x00, 0x00, 0x00, 0x00, 0x00, 0x00, 0x00, 0x00, 0x00,
  0x00, 0x00, 0x00, 0x00, 0x00, 0x00, 0x00, 0x00, 0x00, 0x00, 0x00, 0x00,
  0x00, 0x00, 0x00, 0x00, 0x00, 0x00, 0x00, 0x00, 0x00, 0x00, 0x00, 0x00,
  0x00, 0x00, 0x00, 0x00, 0x00, 0x00, 0x00, 0x00, 0x00, 0x00, 0x00, 0x00,
  0x00, 0x00, 0x00, 0x00, 0x00, 0x00, 0x00, 0x00, 0x00, 0x00, 0x00, 0x00,
  0x00, 0x00, 0x00, 0x00, 0x00, 0x00, 0x00, 0x00, 0x00, 0x00, 0x00, 0x00,
  0x00, 0x00, 0x00, 0x00, 0x00, 0x00, 0x00, 0x00, 0x00, 0x00, 0x00, 0x00,
  0x00, 0x00, 0x00, 0x00, 0x00, 0x00, 0x00, 0x00, 0x00, 0x00, 0x00, 0x00,
  0x00, 0x00, 0x00, 0x00, 0x00, 0x00, 0x00, 0x00, 0x00, 0x00, 0x00, 0x00,
  0x00, 0x00, 0x00, 0x00, 0x00, 0x00, 0x00, 0x00, 0x00, 0x00, 0x00, 0x00,
  0x00, 0x00, 0x00, 0x00, 0x00, 0x00, 0x00, 0x00, 0x00, 0x00, 0x00, 0x00,
  0x00, 0x00, 0x00, 0x00, 0x00, 0x00, 0x00, 0x00, 0x00, 0x00, 0x00, 0x00,
  0x00, 0x00, 0x00, 0x00, 0x00, 0x00, 0x00, 0x00, 0x00, 0x00, 0x00, 0x00,
  0x00, 0x00, 0x00, 0x00, 0x00, 0x00, 0x00, 0x00, 0x00, 0x00, 0x00, 0x00,
  0x00, 0x00, 0x00, 0x00, 0x00, 0x00, 0x00, 0x00, 0x00, 0x00, 0x00, 0x00,
  0x00, 0x00, 0x00, 0x00, 0x00, 0x00, 0x00, 0x00, 0x00, 0x00, 0x00, 0x00,
  0x00, 0x00, 0x00, 0x00, 0x00, 0x00, 0x00, 0x00, 0x00, 0x00, 0x00, 0x00,
  0x00, 0x00, 0x00, 0x00, 0x00, 0x00, 0x00, 0x00, 0x00, 0x00, 0x00, 0x00,
  0x00, 0x00, 0x00, 0x00, 0x00, 0x00, 0x00, 0x00, 0x00, 0x00, 0x00, 0x00,
  0x00, 0x00, 0x00, 0x00, 0x00, 0x00, 0x00, 0x00, 0x00, 0x00, 0x00, 0x00,
  0x00, 0x00, 0x00, 0x00, 0x00, 0x00, 0x00, 0x00, 0x00, 0x00, 0x00, 0x00,
  0x00, 0x00, 0x00, 0x00, 0x00, 0x00, 0x00, 0x00, 0x00, 0x00, 0x00, 0x00,
  0x00, 0x00, 0x00, 0x00, 0x00, 0x00, 0x00, 0x00, 0x00, 0x00, 0x00, 0x00,
  0x00, 0x00, 0x00, 0x00, 0x00, 0x00, 0x00, 0x00, 0x00, 0x00, 0x00, 0x00,
  0x00, 0x00, 0x00, 0x00, 0x00, 0x00, 0x00, 0x00, 0x00, 0x00, 0x00, 0x00,
  0x00, 0x00, 0x00, 0x00, 0x00, 0x00, 0x00, 0x00, 0x00, 0x00, 0x00, 0x00,
  0x00, 0x00, 0x00, 0x00, 0x00, 0x00, 0x00, 0x00, 0x30, 0x00, 0x00, 0x00,
  0x64, 0x72, 0x23, 0x3c, 0x0f, 0x36, 0x77, 0x3c, 0x49, 0xc8, 0x15, 0x3c,
  0x1f, 0x4e, 0xe4, 0x3b, 0x4a, 0xf0, 0xf5, 0x3b, 0x75, 0x45, 0x09, 0x3c,
  0xc2, 0xfa, 0x48, 0x3c, 0xf0, 0x4c, 0x06, 0x3c, 0xb2, 0xd7, 0x49, 0x3c,
  0x41, 0x2e, 0x78, 0x3c, 0x8d, 0x2a, 0x0c, 0x3c, 0xf1, 0xb3, 0x17, 0x3c,
  0xfb, 0x54, 0x13, 0x3c, 0x48, 0x67, 0x52, 0x3c, 0x9f, 0x7f, 0x20, 0x3c,
  0xc4, 0x45, 0x3b, 0x3c, 0xd7, 0x92, 0xe3, 0x3b, 0x13, 0x2a, 0x21, 0x3c,
  0x27, 0xf2, 0x92, 0x3c, 0x2e, 0x90, 0x0c, 0x3c, 0xee, 0xec, 0x20, 0x3c,
  0x7b, 0x86, 0x06, 0x3c, 0x9e, 0xb6, 0x0c, 0x3c, 0x4f, 0x38, 0x22, 0x3c,
  0x39, 0xf0, 0x46, 0x3c, 0x0f, 0xed, 0x33, 0x3c, 0xd3, 0xeb, 0x03, 0x3c,
  0x0d, 0x09, 0xec, 0x3b, 0x60, 0xec, 0x22, 0x3c, 0x86, 0x24, 0x08, 0x3c,
  0x53, 0x9e, 0x1c, 0x3c, 0x3b, 0x3f, 0x34, 0x3c, 0xfb, 0x23, 0x74, 0x3c,
  0x13, 0x4c, 0x19, 0x3c, 0xc7, 0x85, 0xf8, 0x3b, 0xc1, 0x95, 0x08, 0x3c,
  0x52, 0x35, 0x4b, 0x3c, 0x54, 0x15, 0x72, 0x3c, 0x0f, 0xd4, 0x38, 0x3c,
  0x0d, 0x61, 0x8a, 0x3c, 0x21, 0xe8, 0x09, 0x3c, 0xbc, 0xda, 0x7a, 0x3c,
  0xe4, 0xa3, 0x81, 0x3c, 0x6b, 0xf0, 0x15, 0x3c, 0x0e, 0x54, 0x22, 0x3c,
  0x33, 0x4e, 0x3b, 0x3c, 0x77, 0x7d, 0x3d, 0x3c, 0xc6, 0x3c, 0x4e, 0x3c,
  0x32, 0x00, 0x00, 0x00, 0x45, 0x64, 0x67, 0x65, 0x41, 0x75, 0x64, 0x69,
  0x6f, 0x52, 0x65, 0x73, 0x44, 0x53, 0x43, 0x4e, 0x4e, 0x5f, 0x43, 0x6f,
  0x6d, 0x70, 0x61, 0x63, 0x74, 0x5f, 0x31, 0x2f, 0x63, 0x6f, 0x6e, 0x76,
  0x32, 0x64, 0x5f, 0x33, 0x5f, 0x31, 0x2f, 0x63, 0x6f, 0x6e, 0x76, 0x6f,
  0x6c, 0x75, 0x74, 0x69, 0x6f, 0x6e, 0x00, 0x00, 0x04, 0x00, 0x00, 0x00,
  0x30, 0x00, 0x00, 0x00, 0x01, 0x00, 0x00, 0x00, 0x01, 0x00, 0x00, 0x00,
  0x30, 0x00, 0x00, 0x00, 0x6a, 0xfb, 0xff, 0xff, 0x00, 0x00, 0x00, 0x01,
  0x14, 0x00, 0x00, 0x00, 0x64, 0x02, 0x00, 0x00, 0x05, 0x00, 0x00, 0x00,
  0x00, 0x00, 0x00, 0x02, 0x18, 0x03, 0x00, 0x00, 0xa4, 0xfa, 0xff, 0xff,
  0x08, 0x00, 0x00, 0x00, 0x88, 0x01, 0x00, 0x00, 0x30, 0x00, 0x00, 0x00,
  0x00, 0x00, 0x00, 0x00, 0x00, 0x00, 0x00, 0x00, 0x00, 0x00, 0x00, 0x00,
  0x00, 0x00, 0x00, 0x00, 0x00, 0x00, 0x00, 0x00, 0x00, 0x00, 0x00, 0x00,
  0x00, 0x00, 0x00, 0x00, 0x00, 0x00, 0x00, 0x00, 0x00, 0x00, 0x00, 0x00,
  0x00, 0x00, 0x00, 0x00, 0x00, 0x00, 0x00, 0x00, 0x00, 0x00, 0x00, 0x00,
  0x00, 0x00, 0x00, 0x00, 0x00, 0x00, 0x00, 0x00, 0x00, 0x00, 0x00, 0x00,
  0x00, 0x00, 0x00, 0x00, 0x00, 0x00, 0x00, 0x00, 0x00, 0x00, 0x00, 0x00,
  0x00, 0x00, 0x00, 0x00, 0x00, 0x00, 0x00, 0x00, 0x00, 0x00, 0x00, 0x00,
  0x00, 0x00, 0x00, 0x00, 0x00, 0x00, 0x00, 0x00, 0x00, 0x00, 0x00, 0x00,
  0x00, 0x00, 0x00, 0x00, 0x00, 0x00, 0x00, 0x00, 0x00, 0x00, 0x00, 0x00,
  0x00, 0x00, 0x00, 0x00, 0x00, 0x00, 0x00, 0x00, 0x00, 0x00, 0x00, 0x00,
  0x00, 0x00, 0x00, 0x00, 0x00, 0x00, 0x00, 0x00, 0x00, 0x00, 0x00, 0x00,
  0x00, 0x00, 0x00, 0x00, 0x00, 0x00, 0x00, 0x00, 0x00, 0x00, 0x00, 0x00,
  0x00, 0x00, 0x00, 0x00, 0x00, 0x00, 0x00, 0x00, 0x00, 0x00, 0x00, 0x00,
  0x00, 0x00, 0x00, 0x00, 0x00, 0x00, 0x00, 0x00, 0x00, 0x00, 0x00, 0x00,
  0x00, 0x00, 0x00, 0x00, 0x00, 0x00, 0x00, 0x00, 0x00, 0x00, 0x00, 0x00,
  0x00, 0x00, 0x00, 0x00, 0x00, 0x00, 0x00, 0x00, 0x00, 0x00, 0x00, 0x00,
  0x00, 0x00, 0x00, 0x00, 0x00, 0x00, 0x00, 0x00, 0x00, 0x00, 0x00, 0x00,
  0x00, 0x00, 0x00, 0x00, 0x00, 0x00, 0x00, 0x00, 0x00, 0x00, 0x00, 0x00,
  0x00, 0x00, 0x00, 0x00, 0x00, 0x00, 0x00, 0x00, 0x00, 0x00, 0x00, 0x00,
  0x00, 0x00, 0x00, 0x00, 0x00, 0x00, 0x00, 0x00, 0x00, 0x00, 0x00, 0x00,
  0x00, 0x00, 0x00, 0x00, 0x00, 0x00, 0x00, 0x00, 0x00, 0x00, 0x00, 0x00,
  0x00, 0x00, 0x00, 0x00, 0x00, 0x00, 0x00, 0x00, 0x00, 0x00, 0x00, 0x00,
  0x00, 0x00, 0x00, 0x00, 0x00, 0x00, 0x00, 0x00, 0x00, 0x00, 0x00, 0x00,
  0x00, 0x00, 0x00, 0x00, 0x00, 0x00, 0x00, 0x00, 0x00, 0x00, 0x00, 0x00,
  0x00, 0x00, 0x00, 0x00, 0x00, 0x00, 0x00, 0x00, 0x00, 0x00, 0x00, 0x00,
  0x00, 0x00, 0x00, 0x00, 0x00, 0x00, 0x00, 0x00, 0x00, 0x00, 0x00, 0x00,
  0x00, 0x00, 0x00, 0x00, 0x00, 0x00, 0x00, 0x00, 0x00, 0x00, 0x00, 0x00,
  0x00, 0x00, 0x00, 0x00, 0x00, 0x00, 0x00, 0x00, 0x00, 0x00, 0x00, 0x00,
  0x00, 0x00, 0x00, 0x00, 0x00, 0x00, 0x00, 0x00, 0x00, 0x00, 0x00, 0x00,
  0x00, 0x00, 0x00, 0x00, 0x00, 0x00, 0x00, 0x00, 0x00, 0x00, 0x00, 0x00,
  0x00, 0x00, 0x00, 0x00, 0x00, 0x00, 0x00, 0x00, 0x00, 0x00, 0x00, 0x00,
  0x00, 0x00, 0x00, 0x00, 0x00, 0x00, 0x00, 0x00, 0x00, 0x00, 0x00, 0x00,
  0x30, 0x00, 0x00, 0x00, 0x6b, 0x83, 0x8c, 0x39, 0x4a, 0x86, 0xd4, 0x39,
  0x23, 0xc4, 0x80, 0x39, 0x74, 0x45, 0x44, 0x39, 0x3b, 0x6e, 0x53, 0x39,
  0x68, 0x05, 0x6c, 0x39, 0x9f, 0xc7, 0xac, 0x39, 0xc9, 0xe9, 0x66, 0x39,
  0x8f, 0x85, 0xad, 0x39, 0xa9, 0x5b, 0xd5, 0x39, 0xa0, 0xff, 0x70, 0x39,
  0xcf, 0x6a, 0x82, 0x39, 0xb4, 0x51, 0x7d, 0x39, 0xa3, 0xe1, 0xb4, 0x39,
  0x8d, 0xfa, 0x89, 0x39, 0xfb, 0xfe, 0xa0, 0x39, 0x73, 0xa4, 0x43, 0x39,
  0x16, 0x8d, 0x8a, 0x39, 0xc7, 0xa7, 0xfc, 0x39, 0x5d, 0xae, 0x71, 0x39,
  0x86, 0x58, 0x8a, 0x39, 0xb9, 0x4c, 0x67, 0x39, 0x74, 0xf0, 0x71, 0x39,
  0x68, 0x75, 0x8b, 0x39, 0x67, 0x06, 0xab, 0x39, 0x28, 0xae, 0x9a, 0x39,
  0x7e, 0xd2, 0x62, 0x39, 0xb7, 0xea, 0x4a, 0x39, 0x35, 0x10, 0x8c, 0x39,
  0x9f, 0x14, 0x6a, 0x39, 0xa0, 0xa4, 0x86, 0x39, 0xcd, 0xf4, 0x9a, 0x39,
  0x82, 0xe2, 0xd1, 0x39, 0xad, 0xc9, 0x83, 0x39, 0xe7, 0xa6, 0x55, 0x39,
  0x4e, 0xd7, 0x6a, 0x39, 0x20, 0xb2, 0xae, 0x39, 0xc0, 0x1d, 0xd0, 0x39,
  0x11, 0xe5, 0x9e, 0x39, 0x03, 0xed, 0xed, 0x39, 0x1a, 0x1d, 0x6d, 0x39,
  0x1a, 0xa8, 0xd7, 0x39, 0x7d, 0xe6, 0xde, 0x39, 0xa4, 0xe6, 0x80, 0x39,
  0x42, 0x8d, 0x8b, 0x39, 0x3b, 0x06, 0xa1, 0x39, 0x06, 0xe7, 0xa2, 0x39,
  0xc6, 0x4c, 0xb1, 0x39, 0xb8, 0x00, 0x00, 0x00, 0x45, 0x64, 0x67, 0x65,
  0x41, 0x75, 0x64, 0x69, 0x6f, 0x52, 0x65, 0x73, 0x44, 0x53, 0x43, 0x4e,
  0x4e, 0x5f, 0x43, 0x6f, 0x6d, 0x70, 0x61, 0x63, 0x74, 0x5f, 0x31, 0x2f,
  0x62, 0x61, 0x74, 0x63, 0x68, 0x5f, 0x6e, 0x6f, 0x72, 0x6d, 0x61, 0x6c,
  0x69, 0x7a, 0x61, 0x74, 0x69, 0x6f, 0x6e, 0x5f, 0x36, 0x5f, 0x31, 0x2f,
  0x62, 0x61, 0x74, 0x63, 0x68, 0x6e, 0x6f, 0x72, 0x6d, 0x2f, 0x61, 0x64,
  0x64, 0x5f, 0x31, 0x3b, 0x45, 0x64, 0x67, 0x65, 0x41, 0x75, 0x64, 0x69,
  0x6f, 0x52, 0x65, 0x73, 0x44, 0x53, 0x43, 0x4e, 0x4e, 0x5f, 0x43, 0x6f,
  0x6d, 0x70, 0x61, 0x63, 0x74, 0x5f, 0x31, 0x2f, 0x63, 0x6f, 0x6e, 0x76,
  0x32, 0x64, 0x5f, 0x33, 0x5f, 0x31, 0x2f, 0x63, 0x6f, 0x6e, 0x76, 0x6f,
  0x6c, 0x75, 0x74, 0x69, 0x6f, 0x6e, 0x3b, 0x45, 0x64, 0x67, 0x65, 0x41,
  0x75, 0x64, 0x69, 0x6f, 0x52, 0x65, 0x73, 0x44, 0x53, 0x43, 0x4e, 0x4e,
  0x5f, 0x43, 0x6f, 0x6d, 0x70, 0x61, 0x63, 0x74, 0x5f, 0x31, 0x2f, 0x62,
  0x61, 0x74, 0x63, 0x68, 0x5f, 0x6e, 0x6f, 0x72, 0x6d, 0x61, 0x6c, 0x69,
  0x7a, 0x61, 0x74, 0x69, 0x6f, 0x6e, 0x5f, 0x36, 0x5f, 0x31, 0x2f, 0x62,
  0x61, 0x74, 0x63, 0x68, 0x6e, 0x6f, 0x72, 0x6d, 0x2f, 0x73, 0x75, 0x62,
  0x00, 0x00, 0x00, 0x00, 0x01, 0x00, 0x00, 0x00, 0x30, 0x00, 0x00, 0x00,
  0xa2, 0xfe, 0xff, 0xff, 0x00, 0x00, 0x00, 0x01, 0x14, 0x00, 0x00, 0x00,
  0x60, 0x00, 0x00, 0x00, 0x04, 0x00, 0x00, 0x00, 0x00, 0x00, 0x00, 0x09,
  0x8c, 0x00, 0x00, 0x00, 0xdc, 0xfd, 0xff, 0xff, 0x08, 0x00, 0x00, 0x00,
  0x30, 0x00, 0x00, 0x00, 0x05, 0x00, 0x00, 0x00, 0x00, 0x00, 0x00, 0x00,
  0x00, 0x00, 0x00, 0x00, 0x00, 0x00, 0x00, 0x00, 0x00, 0x00, 0x00, 0x00,
  0x00, 0x00, 0x00, 0x00, 0x00, 0x00, 0x00, 0x00, 0x00, 0x00, 0x00, 0x00,
  0x00, 0x00, 0x00, 0x00, 0x00, 0x00, 0x00, 0x00, 0x00, 0x00, 0x00, 0x00,
  0x05, 0x00, 0x00, 0x00, 0x33, 0x49, 0xeb, 0x3b, 0xcd, 0xa7, 0xa5, 0x3b,
  0x15, 0x15, 0xb4, 0x3b, 0xd5, 0x94, 0x94, 0x3b, 0xb2, 0x14, 0xf3, 0x3b,
  0x31, 0x00, 0x00, 0x00, 0x45, 0x64, 0x67, 0x65, 0x41, 0x75, 0x64, 0x69,
  0x6f, 0x52, 0x65, 0x73, 0x44, 0x53, 0x43, 0x4e, 0x4e, 0x5f, 0x43, 0x6f,
  0x6d, 0x70, 0x61, 0x63, 0x74, 0x5f, 0x31, 0x2f, 0x6f, 0x75, 0x74, 0x70,
  0x75, 0x74, 0x5f, 0x70, 0x72, 0x6f, 0x62, 0x73, 0x5f, 0x31, 0x2f, 0x4d,
  0x61, 0x74, 0x4d, 0x75, 0x6c, 0x00, 0x00, 0x00, 0x02, 0x00, 0x00, 0x00,
  0x05, 0x00, 0x00, 0x00, 0x30, 0x00, 0x00, 0x00, 0x52, 0xff, 0xff, 0xff,
  0x00, 0x00, 0x00, 0x01, 0x14, 0x00, 0x00, 0x00, 0x60, 0x00, 0x00, 0x00,
  0x03, 0x00, 0x00, 0x00, 0x00, 0x00, 0x00, 0x02, 0x8c, 0x00, 0x00, 0x00,
  0x8c, 0xfe, 0xff, 0xff, 0x08, 0x00, 0x00, 0x00, 0x30, 0x00, 0x00, 0x00,
  0x05, 0x00, 0x00, 0x00, 0x00, 0x00, 0x00, 0x00, 0x00, 0x00, 0x00, 0x00,
  0x00, 0x00, 0x00, 0x00, 0x00, 0x00, 0x00, 0x00, 0x00, 0x00, 0x00, 0x00,
  0x00, 0x00, 0x00, 0x00, 0x00, 0x00, 0x00, 0x00, 0x00, 0x00, 0x00, 0x00,
  0x00, 0x00, 0x00, 0x00, 0x00, 0x00, 0x00, 0x00, 0x05, 0x00, 0x00, 0x00,
  0x47, 0x08, 0xcf, 0x38, 0x64, 0xc3, 0x91, 0x38, 0x2c, 0x75, 0x9e, 0x38,
  0x4b, 0xbd, 0x82, 0x38, 0x27, 0xe4, 0xd5, 0x38, 0x32, 0x00, 0x00, 0x00,
  0x45, 0x64, 0x67, 0x65, 0x41, 0x75, 0x64, 0x69, 0x6f, 0x52, 0x65, 0x73,
  0x44, 0x53, 0x43, 0x4e, 0x4e, 0x5f, 0x43, 0x6f, 0x6d, 0x70, 0x61, 0x63,
  0x74, 0x5f, 0x31, 0x2f, 0x6f, 0x75, 0x74, 0x70, 0x75, 0x74, 0x5f, 0x70,
  0x72, 0x6f, 0x62, 0x73, 0x5f, 0x31, 0x2f, 0x42, 0x69, 0x61, 0x73, 0x41,
  0x64, 0x64, 0x00, 0x00, 0x01, 0x00, 0x00, 0x00, 0x05, 0x00, 0x00, 0x00,
  0x00, 0x00, 0x16, 0x00, 0x1c, 0x00, 0x18, 0x00, 0x17, 0x00, 0x10, 0x00,
  0x0c, 0x00, 0x08, 0x00, 0x00, 0x00, 0x00, 0x00, 0x00, 0x00, 0x07, 0x00,
  0x16, 0x00, 0x00, 0x00, 0x00, 0x00, 0x00, 0x01, 0x18, 0x00, 0x00, 0x00,
  0x18, 0x00, 0x00, 0x00, 0x02, 0x00, 0x00, 0x00, 0x00, 0x00, 0x00, 0x02,
  0x60, 0x00, 0x00, 0x00, 0x04, 0x00, 0x04, 0x00, 0x04, 0x00, 0x00, 0x00,
  0x4d, 0x00, 0x00, 0x00, 0x45, 0x64, 0x67, 0x65, 0x41, 0x75, 0x64, 0x69,
  0x6f, 0x52, 0x65, 0x73, 0x44, 0x53, 0x43, 0x4e, 0x4e, 0x5f, 0x43, 0x6f,
  0x6d, 0x70, 0x61, 0x63, 0x74, 0x5f, 0x31, 0x2f, 0x67, 0x6c, 0x6f, 0x62,
  0x61, 0x6c, 0x5f, 0x61, 0x76, 0x65, 0x72, 0x61, 0x67, 0x65, 0x5f, 0x70,
  0x6f, 0x6f, 0x6c, 0x69, 0x6e, 0x67, 0x32, 0x64, 0x5f, 0x31, 0x2f, 0x4d,
  0x65, 0x61, 0x6e, 0x2f, 0x72, 0x65, 0x64, 0x75, 0x63, 0x74, 0x69, 0x6f,
  0x6e, 0x5f, 0x69, 0x6e, 0x64, 0x69, 0x63, 0x65, 0x73, 0x00, 0x00, 0x00,
  0x01, 0x00, 0x00, 0x00, 0x02, 0x00, 0x00, 0x00, 0x00, 0x00, 0x16, 0x00,
  0x20, 0x00, 0x1c, 0x00, 0x1b, 0x00, 0x14, 0x00, 0x10, 0x00, 0x0c, 0x00,
  0x00, 0x00, 0x00, 0x00, 0x08, 0x00, 0x07, 0x00, 0x16, 0x00, 0x00, 0x00,
  0x00, 0x00, 0x00, 0x01, 0x18, 0x00, 0x00, 0x00, 0x34, 0x00, 0x00, 0x00,
  0x54, 0x00, 0x00, 0x00, 0x01, 0x00, 0x00, 0x00, 0x00, 0x00, 0x00, 0x09,
  0x70, 0x00, 0x00, 0x00, 0x04, 0x00, 0x00, 0x00, 0xff, 0xff, 0xff, 0xff,
  0x40, 0x00, 0x00, 0x00, 0x65, 0x00, 0x00, 0x00, 0x01, 0x00, 0x00, 0x00,
  0x0c, 0x00, 0x0c, 0x00, 0x00, 0x00, 0x00, 0x00, 0x08, 0x00, 0x04, 0x00,
  0x0c, 0x00, 0x00, 0x00, 0x08, 0x00, 0x00, 0x00, 0x14, 0x00, 0x00, 0x00,
  0x01, 0x00, 0x00, 0x00, 0x80, 0xff, 0xff, 0xff, 0xff, 0xff, 0xff, 0xff,
  0x00, 0x00, 0x00, 0x00, 0x01, 0x00, 0x00, 0x00, 0x81, 0x80, 0x80, 0x3b,
  0x23, 0x00, 0x00, 0x00, 0x73, 0x65, 0x72, 0x76, 0x69, 0x6e, 0x67, 0x5f,
  0x64, 0x65, 0x66, 0x61, 0x75, 0x6c, 0x74, 0x5f, 0x69, 0x6e, 0x70, 0x75,
  0x74, 0x5f, 0x73, 0x70, 0x65, 0x63, 0x74, 0x72, 0x6f, 0x67, 0x72, 0x61,
  0x6d, 0x3a, 0x30, 0x00, 0x04, 0x00, 0x00, 0x00, 0x01, 0x00, 0x00, 0x00,
  0x40, 0x00, 0x00, 0x00, 0x65, 0x00, 0x00, 0x00, 0x01, 0x00, 0x00, 0x00,
  0x07, 0x00, 0x00, 0x00, 0x94, 0x00, 0x00, 0x00, 0x74, 0x00, 0x00, 0x00,
  0x60, 0x00, 0x00, 0x00, 0x54, 0x00, 0x00, 0x00, 0x38, 0x00, 0x00, 0x00,
  0x18, 0x00, 0x00, 0x00, 0x04, 0x00, 0x00, 0x00, 0x94, 0xff, 0xff, 0xff,
  0x19, 0x00, 0x00, 0x00, 0x02, 0x00, 0x00, 0x00, 0x00, 0x00, 0x00, 0x19,
  0xa4, 0xff, 0xff, 0xff, 0x09, 0x00, 0x00, 0x00, 0x04, 0x00, 0x00, 0x00,
  0x00, 0x00, 0x00, 0x09, 0x0c, 0x00, 0x0e, 0x00, 0x0d, 0x00, 0x00, 0x00,
  0x08, 0x00, 0x04, 0x00, 0x0c, 0x00, 0x00, 0x00, 0x28, 0x00, 0x00, 0x00,
  0x02, 0x00, 0x00, 0x00, 0x00, 0x28, 0x0a, 0x00, 0x08, 0x00, 0x00, 0x00,
  0x00, 0x00, 0x04, 0x00, 0x0a, 0x00, 0x00, 0x00, 0x02, 0x00, 0x00, 0x00,
  0xe0, 0xff, 0xff, 0xff, 0x04, 0x00, 0x00, 0x00, 0x03, 0x00, 0x00, 0x00,
  0x00, 0x00, 0x00, 0x04, 0xf0, 0xff, 0xff, 0xff, 0x11, 0x00, 0x00, 0x00,
  0x02, 0x00, 0x00, 0x00, 0x00, 0x00, 0x00, 0x11, 0x0c, 0x00, 0x10, 0x00,
  0x0f, 0x00, 0x00, 0x00, 0x08, 0x00, 0x04, 0x00, 0x0c, 0x00, 0x00, 0x00,
  0x03, 0x00, 0x00, 0x00, 0x03, 0x00, 0x00, 0x00, 0x00, 0x00, 0x00, 0x03
};
const unsigned int g_model_len = 21576;

#endif // MODEL_DATA_H_
